IN-1,IN-2,IN-3,IN-4,OUT
-11,-7,19,-20,0
14,4,-28,29,0
0,4,-1,-4,0
-14,7,5,-16,0
-13,6,-72,-24,0
-6,1,17,-16,0
5,-1,-11,15,0
11,-15,9,21,0
0,-6,14,-11,0
-40,-13,-12,-29,0
8,-13,-7,-15,0
-4,-5,7,7,0
-9,-8,5,-13,0
-5,6,38,-17,0
-10,2,-9,-14,0
-1,-5,10,-17,0
55,-29,-32,42,0
9,1,17,30,0
17,-10,-9,24,0
-10,-7,4,-15,0
-4,-1,0,-5,0
-9,16,-8,-12,0
13,-28,-8,-20,0
14,-2,53,15,0
-2,4,7,-9,0
-22,11,-11,-23,0
8,-28,11,12,0
-13,-10,25,-14,0
-12,-4,15,-11,0
-2,-2,14,-22,0
19,3,4,35,0
51,51,-36,61,0
24,-8,10,24,0
23,12,-19,19,0
3,-8,2,-31,0
1,16,2,-18,0
14,7,-8,12,0
15,23,28,28,0
14,0,28,18,0
29,-3,4,34,0
22,2,25,30,0
-8,20,7,-11,0
-4,26,12,-16,0
-5,26,-8,-15,0
8,-22,11,18,0
-8,2,11,-14,0
5,0,16,16,0
-12,14,-27,-16,0
5,-24,0,-25,0
7,-2,-4,11,0
-1,7,-9,12,0
-6,24,3,-13,0
-15,3,14,-25,-1
5,-2,-7,13,0
4,12,2,11,0
10,13,3,15,0
-6,12,2,-8,0
15,2,19,10,0
-3,3,-4,-10,0
-10,-1,-9,-14,0
-9,0,-9,-14,0
-1,-29,-12,41,0
-7,-1,0,-13,0
0,-5,-8,-22,0
6,1,-3,13,0
4,10,38,13,0
-4,-1,-2,-6,0
10,7,7,13,0
-9,-2,23,-19,0
29,-6,23,34,0
-16,5,-1,-18,0
1,9,11,-15,0
12,-17,1,22,0
10,6,-10,18,0
12,4,-1,11,0
5,-4,7,19,0
3,5,18,26,-1
-1,-4,60,-13,0
-9,5,3,-13,0
26,-3,17,19,0
15,-15,-4,20,0
4,-1,14,12,0
28,-22,9,35,0
1,-5,-14,10,0
21,0,-13,32,0
14,-3,10,18,0
28,-7,-2,35,0
15,5,0,24,0
-14,-4,8,-27,0
-24,2,-6,-20,0
6,8,22,-20,0
5,-12,2,21,0
-11,4,-13,-24,0
-28,-18,7,-19,0
-4,22,-1,-10,0
7,-18,42,12,0
-9,0,-6,-27,0
15,-4,-6,15,0
-7,3,0,-8,0
-23,-15,-9,-22,0
-37,-8,3,-40,0
8,5,10,9,0
1,-1,-12,13,0
2,-29,-6,14,0
19,-7,-2,15,0
-10,16,15,0,0
-26,-17,73,-28,0
-24,-13,-10,-17,0
18,0,3,14,0
17,13,13,16,0
3,2,-9,24,0
-12,-1,-5,-15,0
-7,5,3,0,0
10,-24,2,12,0
-2,-1,0,-21,0
-1,8,-6,8,0
2,-9,-40,-18,0
-8,-3,4,-16,0
1,4,12,8,0
-11,-12,2,20,0
2,-2,4,11,0
4,9,-23,9,0
2,-12,-5,22,0
4,-3,-7,14,0
-11,3,15,-12,0
11,7,-4,14,0
-1,-22,0,-18,0
26,-17,3,21,0
0,12,4,-7,0
19,-13,5,27,0
-4,11,5,-9,0
-7,12,-7,-14,0
1,-20,-3,-24,0
-21,6,14,-28,0
-10,14,0,-18,0
1,6,-3,-12,0
10,5,26,13,0
2,-16,15,12,0
-25,14,-4,-33,0
45,-47,-10,62,0
-7,39,9,-16,0
34,-1,-5,21,0
2,19,-7,10,0
-8,-7,-1,-14,0
-14,-83,31,-23,0
6,-16,-4,14,0
0,-8,1,-11,0
-28,49,-27,-35,0
-29,-7,-28,-29,0
7,11,10,14,0
-38,38,29,-57,1
20,-4,4,22,0
4,7,-3,9,0
9,-1,8,18,0
-3,4,3,9,0
0,4,0,-10,0
24,5,7,21,0
1,-1,0,10,0
9,-6,-9,14,0
-5,38,-2,-16,0
-12,-4,25,-28,0
6,-15,4,15,0
1,4,1,6,0
-4,-4,-1,-14,0
19,-2,-12,-12,0
-3,1,-9,-11,0
-21,21,3,-25,0
3,8,-11,15,0
-7,-13,31,-13,0
23,6,0,16,0
38,88,-9,45,0
0,-11,-7,-27,0
0,3,-28,10,0
-6,6,7,-17,0
0,0,-4,8,0
3,-3,53,12,0
-10,-13,6,-18,0
2,0,-1,6,0
16,15,-1,13,0
42,-5,-2,-16,0
-24,11,-15,-26,0
4,3,-5,0,0
-9,-18,-22,-35,0
4,-13,15,-14,0
-3,4,20,-18,0
-3,-9,24,0,0
16,-24,17,26,0
3,-2,10,14,0
-14,17,3,-31,0
19,2,-9,22,0
-4,10,31,-12,0
19,-18,17,11,0
-14,15,2,-16,0
-4,9,3,-18,0
17,-4,17,17,0
10,-1,21,17,0
7,-13,-7,9,0
-1,-2,0,-19,0
14,7,-3,18,0
16,8,4,17,0
-56,0,-20,-40,0
17,-14,-6,18,0
9,10,-4,16,0
-10,-2,-7,-18,0
7,3,39,9,0
11,21,2,13,0
20,1,-24,23,0
-6,16,-4,21,0
-6,-9,45,-21,0
-2,-19,-13,-9,0
-4,30,-2,-18,0
9,4,-4,0,0
4,-25,-5,-16,0
1,-1,-5,19,0
-10,-9,-5,-21,0
-1,1,2,-10,0
20,-34,-93,32,0
21,-28,-40,16,0
-34,-17,6,-76,0
11,7,-21,27,0
-3,11,-15,-10,0
9,1,-20,21,0
5,33,31,10,0
0,22,42,9,0
24,8,-37,38,-1
-17,12,-7,-20,0
-1,8,14,10,0
-15,-8,-21,13,0
1,2,-16,11,0
5,-6,-17,18,0
-5,0,0,-12,0
8,-7,20,22,0
11,12,6,17,0
-10,30,-4,-26,0
-14,16,-11,-17,0
12,2,13,17,0
-19,-10,14,-14,0
12,-19,-6,29,0
-8,24,-13,-26,0
-2,-4,-8,-15,0
23,0,1,34,0
-21,-46,-4,-11,0
-6,3,-2,-16,0
8,0,1,8,0
9,9,-24,13,0
33,-8,-15,32,0
-19,13,3,-22,0
1,8,4,19,0
6,12,6,-13,0
8,19,3,-22,0
1,-5,2,-9,0
-34,-93,-4,-38,0
8,14,-3,16,0
-19,30,-20,-34,0
-21,2,7,-18,0
-7,-10,-7,-15,0
-16,-6,20,-30,0
21,-11,20,26,0
2,-18,17,-11,0
3,-11,-2,12,0
22,-10,4,27,0
6,-1,20,15,0
-24,0,-20,-43,0
0,8,8,-10,0
-14,2,-1,-29,0
7,0,-1,14,0
11,0,3,15,0
4,0,18,12,0
-4,-2,-5,-15,0
-3,-4,-11,-9,0
-4,5,-4,6,0
-13,-8,13,-14,0
-41,-9,-19,-45,0
-7,30,-5,-16,0
4,11,4,11,0
-7,3,-13,-14,0
53,-7,3,47,0
2,-5,10,19,0
9,0,-1,16,0
-13,-7,-7,-19,0
-28,-13,-9,-37,0
-3,-5,5,-11,0
10,-11,6,21,0
-4,-7,13,-15,0
-6,-17,-2,-15,0
-23,-6,-2,-48,0
10,0,-8,16,0
12,-4,21,13,0
-10,7,5,-21,0
-31,-28,49,-20,0
-2,-2,6,0,0
-38,20,-34,-30,0
22,21,-28,18,0
-1,-7,0,-9,0
2,4,3,-11,0
-13,7,31,-26,0
-17,36,-7,-14,0
-7,-7,10,0,0
10,-11,-15,17,0
4,-13,-9,20,0
1,-21,-46,16,0
-12,0,14,-24,0
56,-17,-5,58,0
10,-6,13,15,0
-18,35,-2,-23,0
-9,-40,-20,-24,0
6,18,0,7,0
-13,-7,-19,-30,0
-7,-11,-3,-15,0
5,15,0,15,0
7,7,5,13,0
-33,24,-8,-29,0
6,-19,9,9,0
-12,3,13,-12,0
1,26,-10,-12,-1
-6,5,-3,-10,0
-7,-11,3,-12,0
-6,5,-8,-25,0
5,9,9,9,0
-16,-32,-12,-25,0
-28,-8,-2,-42,0
-6,7,-1,-13,0
-12,6,-10,-14,0
-14,4,27,-18,0
5,-3,8,17,0
9,9,-12,7,0
-11,28,9,-15,0
1,-53,15,-48,1
1,4,22,-28,0
1,2,-7,0,0
4,9,4,22,0
-17,-2,7,-24,0
3,-33,24,-19,0
-4,21,-2,-17,0
0,5,-14,-12,0
30,-5,5,29,0
7,31,-3,20,0
15,6,-22,0,0
-7,-13,-13,-18,0
15,19,-13,-16,0
15,-9,2,20,0
-5,-8,29,-12,0
3,-8,-7,9,0
9,8,4,14,0
-6,-34,1,-17,0
3,10,20,10,0
-14,-2,-15,-20,0
8,-3,20,18,0
-5,13,3,-14,0
27,7,2,33,0
4,-4,-16,13,0
16,-15,-6,25,0
15,8,-4,18,0
-6,7,-16,-9,0
-5,25,14,8,0
26,-27,-29,-26,0
-4,-3,9,-11,0
-4,4,-13,22,0
-29,-9,-24,-66,0
-6,0,22,-12,0
16,-23,-24,40,0
5,20,-9,21,0
4,0,17,9,0
7,38,43,26,0
-28,-34,9,-35,0
-13,0,-17,-18,0
0,3,4,-12,0
-19,3,2,-37,0
-5,-1,1,-9,0
-12,4,1,9,0
-10,-30,13,-20,0
-14,-16,-6,-14,0
1,-29,-7,30,0
2,-9,-2,12,0
-1,7,8,-9,0
-11,1,18,-16,0
58,16,-18,20,0
-3,32,-18,-20,0
7,-21,6,19,0
15,15,-15,10,0
9,2,0,13,0
12,6,18,12,0
15,6,8,18,0
-10,-3,-9,-10,0
-9,24,3,-20,0
10,-1,-39,16,0
9,-5,-10,16,0
8,-1,-1,13,0
-18,17,-14,-21,0
0,-1,-2,-12,0
2,26,-3,13,0
2,15,19,15,0
-7,-28,11,-18,0
-26,-8,24,-26,0
13,3,0,19,0
0,0,12,11,0
-9,-20,-25,-14,0
23,4,-9,29,0
10,-2,-6,14,0
-16,1,-8,-24,0
-40,-21,1,20,0
8,-1,2,21,0
4,1,-8,23,0
-8,-40,28,-31,0
7,5,-2,17,0
-15,23,12,-34,0
22,16,-10,31,0
-18,7,-10,-23,0
-9,3,22,-22,0
-1,-46,76,-26,0
-5,-56,0,58,0
5,9,20,8,0
-13,-1,-4,-14,0
-25,-1,-6,-18,0
-10,3,-13,-11,0
31,-11,2,38,0
17,-14,12,11,0
22,1,-12,21,0
2,-4,13,-12,0
-3,-1,4,-11,0
-15,9,9,-23,0
-4,-3,-2,-6,0
-4,7,-12,-10,0
5,3,-8,9,0
8,0,8,9,0
-9,-23,10,-19,0
2,0,-6,-11,0
18,-7,-8,-20,0
21,-9,-23,22,0
4,0,0,22,0
14,-24,3,15,0
-6,7,2,-8,0
-2,8,-3,8,0
21,-11,-12,26,0
18,6,6,34,0
-3,-7,12,13,0
1,-1,-4,10,0
-10,19,-31,26,1
5,-117,49,42,0
0,9,31,15,0
-4,2,0,-9,0
28,10,1,24,0
16,-14,-83,28,0
-3,16,18,-14,0
11,-19,-1,19,0
1,20,-22,-14,0
-25,10,12,-24,0
-93,-4,1,-25,0
12,-5,19,13,0
31,-3,-25,29,0
9,3,-3,13,0
7,14,7,10,0
-15,4,9,-21,0
2,6,-1,-13,0
-2,1,4,-10,0
-25,-1,-7,-21,0
3,-3,-11,17,0
-18,5,-12,-14,0
-9,-15,-3,-14,0
-2,13,-11,-7,0
1,4,-13,9,0
-1,7,-5,-15,0
12,2,14,17,0
-14,12,1,-14,0
-2,10,9,-17,0
-11,-5,-3,-16,0
7,-14,-16,21,0
8,2,-9,12,0
-2,32,-18,12,0
21,10,-6,29,0
41,-7,-11,40,0
7,5,0,16,0
8,-4,2,11,0
-3,4,13,-10,0
-2,-2,-7,12,0
-3,14,18,-20,0
-15,-4,5,-12,0
-12,58,-53,37,0
2,6,12,14,0
-1,23,-9,-13,0
7,-18,4,13,0
3,-14,19,-23,0
-28,11,12,-17,0
10,-9,-8,15,0
-2,-2,2,5,0
5,-1,10,25,0
14,3,6,15,0
-17,-5,-12,-25,0
4,-4,-15,13,0
-11,33,22,-26,0
-28,16,-7,-27,0
-2,-7,1,-8,0
-1,3,-35,-26,0
-21,-6,38,-51,0
30,-1,23,17,0
-5,2,-22,-12,0
1,2,4,-10,0
3,39,13,19,0
17,3,-5,15,0
6,12,-35,25,0
-24,3,12,-30,0
12,4,0,9,0
-8,29,6,20,0
1,11,10,0,0
3,-13,-7,11,0
2,4,3,11,0
4,5,-19,15,0
-2,-5,13,-14,0
11,9,-1,16,0
-5,2,4,7,0
-17,8,-3,-20,0
8,4,-1,20,0
1,-12,-4,13,0
-2,-7,-12,-11,0
-24,-12,0,-24,0
-2,-8,4,7,0
8,-6,12,15,0
-7,58,16,-11,0
-1,-10,-17,-13,0
-1,12,10,16,0
-8,40,-41,-18,0
5,17,11,15,0
-4,-9,-6,-16,0
-3,-3,5,-11,0
-7,-8,-10,-9,0
-4,0,9,-13,0
7,-16,3,14,0
-7,10,0,-15,0
17,11,-11,18,0
9,-1,-10,18,0
-6,5,20,-11,0
17,14,7,8,0
21,2,-9,19,0
1,4,-2,7,0
8,-4,9,16,0
6,-22,-16,-37,0
2,13,2,24,0
-4,1,-4,17,0
-4,-36,27,-25,0
-3,0,-3,12,0
-7,-26,-17,-18,0
-2,8,20,13,0
-5,15,15,-7,0
-3,9,8,-14,0
8,-6,31,13,1
6,-16,16,26,0
-16,7,-20,-26,0
1,7,-2,-15,0
-6,23,7,-11,0
3,22,-33,40,0
-14,19,8,-24,0
-16,3,5,-22,0
-62,24,8,-64,0
-9,5,-3,-17,0
10,12,-4,9,0
-7,0,1,-9,0
-5,7,22,-11,0
-8,1,-2,-13,0
-10,-13,8,-18,0
5,5,-2,6,0
2,21,2,14,0
19,3,-15,14,0
5,11,7,18,0
27,-12,0,33,0
30,-4,-27,49,0
15,26,-5,25,0
27,-7,39,35,0
-1,-5,2,-12,0
12,10,-6,19,0
-19,-4,0,-9,0
16,3,8,13,0
-35,13,21,-26,0
8,9,13,8,0
-15,-9,-6,-21,0
-1,9,-5,-18,0
-17,-11,3,-23,0
4,3,18,-19,0
10,-9,-15,18,0
1,29,-8,-10,0
4,1,10,7,0
-6,2,-18,-11,0
-15,2,-3,-30,0
-2,0,4,-6,0
3,-7,-6,-17,0
-9,-15,4,-8,0
11,-1,-3,17,0
-12,2,-52,-31,0
4,40,-24,-36,1
1,2,4,14,0
3,0,2,15,0
-17,-5,-56,-28,0
4,7,16,38,0
-1,11,-14,22,0
6,-9,-13,-13,0
9,20,-1,10,0
1,17,-2,-6,0
31,-60,12,32,0
-5,-14,1,8,0
26,8,-13,37,0
-4,-16,6,-31,0
1,17,-5,-15,0
23,-9,5,18,0
4,-13,13,11,0
-16,16,-24,-21,0
-11,-15,-2,-17,0
2,-10,43,-24,0
2,-9,-17,0,0
2,3,20,11,0
21,2,6,15,0
22,8,19,36,0
-7,14,2,-10,0
-4,8,0,6,0
-5,6,-1,-16,0
3,-15,1,12,0
7,2,27,22,0
4,-4,-2,-6,0
-26,-3,-8,33,0
3,2,-4,7,0
2,20,-15,18,0
7,-21,-18,-13,0
-5,1,-2,-12,0
5,9,2,-7,0
-1,0,0,6,0
20,2,-1,17,0
-18,-14,8,-20,0
3,-10,10,-18,0
-3,6,2,-16,0
-2,-44,5,57,0
-19,9,-19,-20,0
-4,-10,12,-23,0
0,7,-3,-8,0
-11,1,4,-21,0
-36,4,-17,-35,0
10,-6,13,11,0
3,2,6,11,0
-41,-26,-8,-56,0
9,5,5,12,0
-5,2,14,-12,0
-5,12,22,-12,0
-17,4,-19,-42,0
4,-15,2,-13,0
5,8,14,12,0
6,-5,2,14,0
1,0,1,8,0
0,0,-1,-11,0
-5,-2,-19,-12,0
-9,-5,-13,-13,0
-6,2,6,-12,0
-12,2,-10,-17,0
-13,10,-23,-14,0
2,25,5,-30,0
14,-4,30,21,0
-8,29,13,-19,0
7,2,-7,8,0
1,0,5,16,0
16,-4,-13,18,0
-6,9,-2,-14,0
0,9,-3,32,0
3,-33,-1,26,0
-2,-7,14,12,0
5,-27,19,11,0
-18,4,4,-19,0
13,-15,5,20,0
9,13,-28,18,0
-27,16,1,-39,0
0,-6,-6,-15,0
-47,-10,-36,-47,0
11,11,-20,13,0
-7,-6,5,12,0
-1,14,-7,-27,0
11,-14,-1,14,0
-2,10,17,-12,0
-15,-4,11,-14,0
6,-28,6,25,0
-5,12,-8,-23,0
3,5,9,7,0
-3,2,2,-9,0
1,18,-9,7,0
13,-11,15,24,0
13,-11,-6,20,0
31,-2,8,21,0
-1,0,6,23,0
3,17,-10,23,0
2,12,-3,15,0
8,-21,-7,8,0
12,10,-2,17,0
-6,-5,7,-11,0
1,1,-3,13,0
-10,-4,21,-12,0
-9,-9,-5,-16,0
-3,-11,6,-17,0
0,-2,8,-10,0
-12,3,2,-18,1
3,-4,1,-8,0
-13,-4,13,-17,0
46,5,20,50,0
7,-20,-7,13,0
-16,-31,-7,-40,0
-3,13,-9,-16,0
-1,0,9,6,0
-7,-21,-11,-9,0
-8,17,1,-22,0
11,-20,7,19,0
0,-2,32,20,0
13,3,-20,14,0
-3,9,-6,-10,0
18,-4,22,17,0
12,-8,9,25,0
8,0,-5,13,1
-7,14,1,-13,0
-6,14,-5,-8,0
-19,12,2,-36,0
-15,5,-24,-30,0
7,7,0,15,0
-5,0,4,-10,0
5,-7,-6,19,0
-9,1,28,-19,0
3,4,-9,10,0
4,-4,22,12,0
0,15,8,18,0
9,11,11,20,0
19,2,-2,21,0
5,-3,-16,-8,0
6,6,1,11,0
-1,14,19,9,0
-5,14,-3,-12,0
-9,9,0,-23,0
-9,17,11,-17,0
-2,-54,13,43,0
4,17,-12,-19,0
4,-8,1,17,0
-11,10,13,-15,0
9,2,0,12,0
57,-4,-1,33,0
11,23,16,12,0
13,2,-10,12,0
-11,15,26,-15,0
7,13,-7,15,0
20,5,-6,20,0
6,-8,5,9,0
-6,3,2,-9,0
0,13,6,9,0
11,-5,-11,10,0
-15,-3,-15,-15,0
-2,-6,1,-10,0
-27,-12,-4,-38,0
9,22,-18,19,0
10,12,4,11,0
4,-3,-1,11,0
12,16,0,19,0
-9,-7,1,-5,0
-12,-18,-7,-31,0
0,7,-13,15,0
-18,8,-21,-15,0
3,-12,-14,-14,0
-5,-5,12,20,0
-6,3,-1,15,0
-1,-2,11,6,0
-7,1,17,-9,0
-4,11,11,-10,0
39,13,-32,25,0
-15,-9,7,-26,0
11,-10,-6,12,0
-2,7,-6,-12,0
6,-2,-1,19,0
-5,1,-17,-11,0
16,-18,7,18,0
1,-18,-14,11,0
-2,-12,12,-9,0
-2,7,-13,-10,0
-1,11,-5,-8,0
-2,11,23,-6,0
-1,10,12,9,0
0,8,0,22,1
-5,-5,2,-11,0
2,-7,-4,14,0
-7,-7,6,-14,0
-1,14,-5,-8,0
-3,3,-11,9,0
8,4,1,17,0
-83,31,-1,-45,0
9,46,5,30,0
-2,-6,2,-11,0
1,3,6,-13,0
-12,3,-6,-6,0
33,22,7,44,0
-1,0,16,24,0
2,-9,7,10,0
7,-8,2,7,0
9,-3,-15,-17,0
-13,-9,1,-9,0
3,-4,-3,8,0
10,1,3,14,0
16,-7,-6,17,0
17,-9,-8,15,0
23,36,-4,26,0
-1,-1,7,11,0
-18,-11,-2,-23,0
15,-1,-20,19,0
-8,6,6,0,0
4,-13,16,17,0
-6,-17,20,13,0
-5,21,-4,-14,0
10,0,5,18,0
22,12,21,27,0
4,4,9,13,0
1,1,-1,-22,0
13,-32,-6,23,0
-18,0,16,-33,0
-9,-7,-8,-10,0
-2,23,3,16,0
16,0,9,18,0
-10,-7,-2,-14,0
-16,-4,11,-22,0
-5,2,-9,-13,0
-7,1,-8,-17,0
-3,-22,74,-43,0
-2,-28,-8,-13,0
-4,11,0,-12,0
-6,1,-1,-13,0
-9,-24,11,13,0
6,-6,9,18,0
0,5,17,-13,0
18,-9,-7,24,0
-1,4,7,13,0
2,7,-3,0,0
9,-7,-13,17,0
2,8,0,-10,0
6,-10,6,16,0
-1,-1,15,12,0
-3,22,-7,-13,0
-7,-6,-4,-14,0
-13,3,-33,-22,0
-9,-1,-3,-13,0
-34,1,-1,-35,0
-8,-12,-9,-12,0
-3,5,-7,-14,0
2,14,9,11,0
-1,-7,13,-10,0
-32,-6,-5,-26,0
-9,7,7,-16,0
-1,11,-1,-5,0
1,-5,1,14,0
-3,-3,3,-11,0
-19,-12,-18,-32,0
8,-11,-10,20,0
-3,6,3,0,0
-3,-4,0,-5,0
-4,0,-2,-10,0
-23,-11,1,-20,0
-13,31,0,-11,0
3,23,22,20,0
7,-3,0,7,0
-8,-15,3,-19,-1
1,-25,-20,-19,0
20,3,2,16,0
60,-1,-24,-23,0
0,-3,9,-13,0
-1,1,12,-10,0
-17,-6,7,-21,0
-7,-2,-2,-11,0
-1,-24,-12,-16,0
-9,24,1,-19,0
-2,14,-7,-16,0
23,-7,-13,-11,0
10,38,7,-32,0
-7,-8,10,-13,0
-3,9,-1,11,0
22,-1,-5,25,0
-44,23,36,-16,0
37,-39,-9,35,0
37,-51,-19,57,0
-7,13,8,-8,0
6,17,-13,15,0
3,-3,-7,9,0
6,14,8,18,0
3,3,10,8,0
-7,-4,1,-9,0
8,-6,-17,10,0
0,16,-23,-52,0
-5,3,-6,-14,0
-2,4,6,-12,0
17,-4,4,17,0
-8,10,1,-16,0
-15,3,2,-18,0
0,11,-16,-16,0
-5,-7,-9,-13,0
12,-4,11,20,0
-7,-19,-40,-24,0
10,24,31,16,0
-4,22,3,13,0
-1,-13,-9,-10,0
7,12,4,10,0
-10,2,11,-17,0
19,-7,-12,17,0
9,4,7,12,0
19,-11,23,18,0
76,-29,-29,38,0
-11,-4,-28,-19,0
-32,-11,-1,-28,0
0,9,2,8,0
-26,8,4,-26,0
-9,-6,-9,13,0
3,-14,-1,-14,-1
9,-9,-7,25,0
13,-5,15,14,0
8,10,7,8,0
10,0,-3,14,0
6,-72,3,10,0
15,8,2,26,0
3,-11,1,7,0
-6,-2,3,-14,0
41,-54,45,39,0
-5,13,-3,-8,0
5,5,-27,-15,0
-2,-1,17,11,0
-20,-25,-1,-23,0
-6,7,-5,-11,0
1,-2,4,-9,0
6,-4,0,19,0
-5,23,0,-13,0
-13,-3,-5,-12,0
1,4,-8,-23,0
1,-2,10,11,0
9,-2,19,17,0
-20,1,16,-30,0
-24,2,22,-34,0
7,-5,23,13,0
21,1,-4,22,0
1,-1,1,8,0
3,2,11,17,1
3,-5,11,8,0
-13,-2,15,-14,0
-5,17,13,-14,0
6,3,-33,16,0
-37,53,-3,-30,0
7,2,-10,17,0
5,3,3,9,0
-29,-7,3,-23,0
-20,57,40,-37,0
13,-3,-4,13,0
-1,-6,24,20,0
2,7,-21,10,0
3,2,21,10,0
0,6,-4,-35,0
-9,-17,-11,-27,0
13,-9,-2,27,0
-11,-10,-4,14,0
18,-19,-4,22,0
-21,-4,1,-23,0
-13,-15,9,-24,0
-4,13,21,-18,0
3,7,6,-12,0
4,22,12,22,0
-4,21,10,-13,0
2,2,-2,13,0
4,-19,5,50,0
-8,-10,-3,-17,0
-30,21,-1,-37,0
-14,15,-4,-13,0
-7,24,37,-14,0
12,22,21,16,0
0,-1,2,-6,0
7,-13,1,20,0
3,7,14,6,0
53,-16,5,-23,0
-6,4,1,-15,0
-14,8,1,-16,0
19,-11,-16,17,0
-18,17,-1,-25,0
7,-6,7,18,0
-13,-11,5,-25,0
10,13,-5,9,0
-13,-13,-8,-21,0
1,-17,6,12,0
-21,1,-9,-28,0
19,-26,7,23,0
-2,2,-5,18,0
-13,-1,19,-17,0
0,4,-4,8,0
31,-13,-2,35,0
40,-41,-8,24,0
-14,-22,-5,-32,0
7,-12,-9,19,0
3,9,4,-10,0
-25,-5,-7,-18,0
10,21,-11,30,0
5,-1,10,14,0
0,10,-3,-11,0
18,-1,0,21,0
-5,-7,17,-16,0
10,-11,-11,23,0
7,-21,21,18,0
0,-14,16,10,0
1,3,7,12,0
-9,-9,5,-27,0
-9,7,-12,-10,0
-5,-3,14,-21,0
1,-4,-3,6,0
-2,-12,-2,11,0
-5,-9,15,-11,0
32,-18,35,22,0
-1,-39,3,-17,0
-10,-6,3,-13,0
1,4,-3,13,0
-4,-15,-8,17,0
-1,-19,12,-13,0
10,17,24,13,0
-60,12,9,-40,0
10,7,19,16,0
15,22,3,19,0
0,12,22,13,0
-5,-13,14,-22,0
-14,9,1,35,0
-21,-10,-40,-22,0
-2,8,-8,-8,0
6,0,7,12,0
-1,10,-4,-14,0
-13,-8,29,-13,0
-1,11,9,14,0
14,0,11,21,0
-3,9,0,-9,0
31,-12,6,25,0
-29,-12,58,-65,0
-17,1,-5,-22,0
-44,5,-12,-55,0
5,-1,4,15,0
6,-10,-30,14,0
-11,6,-19,-23,0
13,20,-4,15,0
-5,2,4,-11,0
-2,19,-2,-10,0
1,-7,5,-10,0
-3,8,9,-9,0
-8,-21,-10,36,0
3,-3,3,9,0
6,-18,8,25,0
3,1,3,-10,0
-5,-44,23,-12,0
-3,20,9,-17,0
-2,-6,5,-12,0
-7,-2,-6,-19,0
-9,45,-4,-14,0
2,-10,1,8,0
0,8,6,-16,0
-7,12,-11,-17,0
2,-9,5,-12,0
0,-3,-4,8,0
12,14,7,17,0
25,-8,-14,27,0
1,3,14,14,0
10,-14,-6,10,0
15,-7,5,12,0
19,1,2,23,0
-1,9,3,-7,0
-2,-10,-2,12,0
-7,12,-6,-24,0
19,-6,9,18,0
-22,-16,-32,-33,0
9,2,-10,12,0
-40,15,22,-36,0
7,-4,-2,0,0
8,1,2,14,0
-4,16,-7,12,0
4,9,-3,15,0
15,9,6,-26,0
5,18,18,16,0
-1,-20,-10,18,0
-11,-10,18,-11,0
3,105,8,19,0
13,-12,-4,20,0
10,-3,7,18,0
7,-5,-1,9,0
2,-1,5,12,0
-15,-35,-3,-28,0
-5,-3,3,-6,0
7,-19,13,25,0
-2,-15,-9,18,0
-35,-19,-17,-45,0
-39,-9,1,-22,0
19,12,3,26,0
-52,-9,3,-33,0
4,10,5,10,0
0,9,10,-17,0
-20,-3,32,-24,0
14,9,17,18,0
-10,-5,-13,-29,0
3,37,-39,16,0
-24,17,21,-34,0
-2,-2,19,-16,0
-5,-20,-9,-17,0
0,1,-4,-12,0
3,10,5,8,0
4,-9,5,-9,0
-10,-10,-13,-12,0
-23,-24,105,-24,0
-9,23,6,-17,0
10,-18,12,14,0
-21,-7,-7,-21,0
15,-1,-4,23,0
2,-12,4,7,0
-23,-1,-19,-19,0
0,-1,-22,-12,0
-12,4,-2,-18,0
-4,22,-18,-25,0
-1,51,51,-45,0
-2,1,8,-10,0
-12,4,8,-14,0
-11,-2,-8,-22,0
-12,2,-10,-13,0
0,5,1,7,0
-5,2,8,-9,0
27,5,11,35,0
3,2,-4,-9,0
-33,-1,-3,-26,0
3,-3,9,12,0
5,1,11,8,0
0,-20,-2,-23,0
-18,-6,20,-14,0
5,-19,30,24,0
-24,-5,1,-47,0
19,-13,3,22,0
0,-4,11,-11,0
2,5,9,6,0
-30,31,-60,-44,0
20,-9,-2,25,0
15,10,24,24,0
20,7,-19,21,0
-4,1,-2,-10,0
4,20,12,12,0
-1,34,12,-15,0
0,-3,-5,23,0
14,-25,14,16,0
8,8,-6,19,1
22,6,6,16,0
-1,3,-3,-8,0
2,4,-13,-11,0
-22,-5,-4,-24,0
25,5,-117,33,0
7,22,-10,12,0
9,-19,-10,15,0
17,0,7,10,0
-9,5,-14,-16,0
4,3,3,9,0
0,-17,-6,16,0
-5,19,3,9,0
2,-22,-29,16,0
-13,-8,-12,-13,0
9,0,15,9,0
14,0,5,19,0
17,11,-13,27,0
17,11,-5,24,0
-25,15,-8,-26,0
12,23,-6,-16,0
1,-1,6,15,0
14,7,-10,17,0
8,22,-38,-21,0
5,10,-8,12,0
-7,5,-1,17,0
1,-5,-5,11,0
35,-2,-54,37,0
-7,0,-6,-12,0
17,1,20,26,0
-1,6,17,-10,0
6,-5,-2,-7,0
13,13,-15,14,0
-1,3,18,-20,0
-13,-7,-3,-16,0
12,2,-1,18,0
15,10,1,22,0
-40,18,-4,28,0
21,-1,-46,42,0
4,8,-5,7,0
0,4,8,12,0
31,-1,12,34,-1
16,-3,1,19,0
17,0,-1,17,0
-4,15,8,-10,0
12,9,46,19,0
6,-25,15,16,0
-40,-20,27,-47,0
-6,3,-3,-24,0
51,-36,-37,54,0
-4,0,8,-16,0
5,20,24,-26,0
11,-4,22,-14,0
-7,13,-11,10,0
1,19,-6,-15,0
-13,6,-5,-14,0
-1,11,-8,-9,0
0,-17,4,10,0
-7,20,11,-18,0
-6,-2,3,23,0
-17,-5,-4,-14,0
-4,7,-2,-9,0
-12,-15,-4,26,0
28,55,-29,23,0
1,-2,-28,18,0
-7,-9,-40,-13,0
6,2,10,11,0
16,11,15,15,0
-19,-6,-11,-24,0
-2,-6,6,12,0
-18,12,7,-21,0
6,28,-7,19,0
4,16,-3,11,0
1,-2,-1,8,0
0,-2,6,-9,0
6,-14,-2,22,0
-4,-6,0,-7,0
14,1,-1,18,0
24,3,-35,19,0
38,29,-80,65,0
-11,29,-3,-14,0
3,12,12,24,0
-31,-7,58,-30,0
15,-16,-14,16,0
16,18,-7,19,0
-6,10,-9,-9,0
3,-13,8,-15,0
18,3,-5,20,0
10,-6,-26,16,0
0,17,6,6,0
-2,15,-3,12,0
-22,74,-5,-20,0
-20,-2,39,-24,0
7,-12,-1,-11,0
-15,-9,16,-19,0
9,-1,5,9,0
25,14,-11,-37,0
11,8,11,28,0
12,21,1,30,0
4,-8,6,-16,0
4,6,12,-8,0
1,17,-4,-21,0
38,-7,36,41,0
-4,1,26,19,-1
8,-37,18,40,0
13,-7,7,18,0
2,-3,0,-8,0
-20,7,14,-14,0
4,-6,-24,19,0
11,-8,-7,18,0
12,4,-7,17,0
-9,1,-53,-41,1
29,-8,-4,12,0
-8,-2,-2,-14,0
13,7,23,17,0
16,-11,1,19,0
7,-13,0,17,1
-17,6,6,-33,0
17,-5,6,13,0
-23,10,4,-29,0
-4,9,15,-33,0
-11,1,-2,-13,0
2,-7,14,8,0
6,2,-10,21,0
-7,7,-6,-12,0
2,-9,-15,-16,0
11,-2,-7,25,0
25,0,7,12,0
-13,34,6,-18,0
10,7,11,11,0
-8,0,-13,0,0
1,8,-22,17,0
-2,4,1,-17,0
3,-9,4,-11,0
2,-5,4,11,0
-1,11,-5,-12,0
19,-2,26,22,0
17,12,0,19,0
-5,6,-14,22,0
12,-8,-23,12,0
11,-3,5,9,0
3,7,24,5,0
-6,38,88,0,0
3,18,-19,17,0
3,-10,-7,9,0
30,-20,3,18,0
-7,-13,-8,-15,0
0,5,-1,-10,0
-27,-29,-9,-56,0
-3,-1,-15,17,0
7,5,3,9,0
-4,27,-7,-23,0
-12,30,-1,-17,0
5,-12,-15,15,0
7,24,4,15,0
22,42,-5,18,0
-1,5,5,-7,0
20,11,8,23,0
12,-8,-2,14,0
-6,-10,-15,-16,0
-26,-1,0,-34,0
-6,-18,8,-14,0
18,-9,-6,19,0
9,-5,21,13,0
7,4,-3,7,0
5,8,-1,14,0
-3,1,6,-15,0
-18,-22,56,-51,0
3,-1,16,11,0
-13,1,57,-13,0
-4,-6,7,9,0
23,-29,14,35,0
20,-14,17,17,0
26,101,18,34,0
2,0,4,9,0
0,-3,5,-8,0
10,-4,1,14,0
-5,15,-9,-9,0
6,6,-3,14,0
5,-6,26,15,0
-4,4,1,-9,0
-6,-4,20,-13,0
6,-1,41,15,0
5,5,-7,10,0
8,-4,27,19,0
-3,3,-5,-14,0
-1,19,6,-18,0
-3,7,-18,6,0
-1,8,-4,8,0
2,17,-15,-16,0
6,14,16,13,0
4,4,-6,-15,0
-4,15,6,-10,0
-2,-25,10,14,0
-3,-6,-26,-9,0
6,-1,-2,-16,0
-6,9,1,-12,0
22,-33,-11,29,0
-2,4,0,-15,0
-5,0,10,-15,0
10,-23,-11,18,0
-1,23,-7,12,0
14,25,3,13,0
11,4,40,-30,0
9,3,1,16,0
22,3,-8,28,0
15,-4,-6,26,0
8,-5,17,9,0
-9,-40,-21,-18,0
22,7,38,46,0
-4,12,-1,-22,0
7,-3,-3,12,0
14,-27,6,31,0
0,4,0,6,0
4,1,2,9,0
-22,0,16,-26,0
-54,13,-11,-51,0
-14,-6,1,-18,0
-6,3,-12,-15,0
-8,7,0,-14,0
14,-1,9,27,0
-13,10,-11,-20,0
11,10,-15,16,0
-14,1,-5,-17,0
15,4,-10,19,0
6,0,-8,-16,0
4,1,9,19,0
-9,-6,3,-14,0
9,-12,-17,15,0
11,-11,-5,20,0
-1,-4,-27,13,0
4,7,-21,15,0
-9,-26,8,-19,0
-6,10,7,-12,0
8,0,-10,13,0
-1,-4,12,18,0
-18,1,-25,-35,0
-11,3,-9,-20,0
-2,11,-1,11,0
4,0,-1,7,0
14,19,1,17,0
-8,-1,-1,-10,0
-12,-14,10,-16,0
16,-6,24,14,0
42,19,12,30,0
5,26,-17,15,0
24,-4,16,26,0
-4,8,-4,-25,0
16,-8,-3,18,0
8,4,-10,-17,0
7,1,10,10,0
-6,-9,23,13,0
-23,1,29,-32,0
-16,-14,7,-16,0
15,-3,1,18,0
-2,-4,-2,-8,0
16,0,-14,24,0
16,6,11,16,0
-72,3,-14,-32,0
1,28,55,17,0
3,3,2,8,0
7,9,15,18,0
-4,-6,-2,-9,0
-1,7,-13,-12,0
2,-6,10,12,0
14,2,-10,13,0
40,-24,-21,38,0
-6,19,-114,-10,0
0,-7,-13,-17,0
-15,14,15,-24,0
-5,11,4,-44,0
-7,-12,5,-17,0
8,19,-11,27,0
1,57,-4,20,0
15,0,-36,31,0
6,-5,3,-10,0
19,8,16,17,0
3,15,4,10,0
-18,4,-6,-13,0
11,8,5,10,0
-5,-2,-12,-14,0
14,1,3,21,0
-1,-3,11,-23,0
2,27,-23,-17,0
-9,-5,-10,-16,0
1,0,3,-18,0
0,9,5,7,0
4,-2,4,11,0
20,-15,23,13,0
0,1,2,9,0
-16,6,-2,-19,0
7,-20,-3,20,0
1,10,0,13,0
0,2,-7,-14,0
-12,-3,4,-21,0
-4,16,1,-11,0
-2,-12,30,-18,0
-7,19,-2,-18,0
-9,-6,-17,-23,0
1,12,9,11,0
5,-14,-10,12,0
-1,-9,-17,12,0
-12,-4,-7,-14,0
17,24,-11,27,0
13,4,-13,21,0
-10,0,5,0,0
-12,0,7,-11,0
6,2,8,23,0
2,-8,30,-22,0
2,-1,-13,6,0
-6,-5,6,-23,0
-15,14,4,-30,0
-33,-11,33,-56,0
2,8,-34,13,0
0,1,-28,0,0
12,1,3,14,0
14,-9,17,19,0
38,7,1,41,0
-36,-37,-8,-41,0
7,-10,36,17,0
-1,20,3,11,0
5,2,17,-19,0
-6,13,44,-14,0
28,-13,7,36,0
6,-23,1,-27,0
-2,6,-16,9,0
8,-3,9,9,0
-1,-15,4,0,0
-5,14,-17,17,0
-7,4,-2,-16,0
20,-8,3,24,0
-2,3,7,-11,0
12,1,-5,8,0
13,-11,6,18,0
-7,3,-1,-10,0
-2,-1,-12,-15,0
0,-4,7,10,0
-5,5,-24,36,0
-9,-13,0,-19,0
-4,-2,-5,-13,0
-27,19,-26,-23,0
-4,21,-6,11,0
-2,-5,-2,-13,0
21,-4,-2,21,0
19,6,-1,16,0
3,7,-5,16,0
-25,-20,-2,-35,0
0,-15,3,-11,0
-1,-12,4,-8,0
-11,6,17,12,0
-28,14,1,-24,0
11,5,-3,14,0
11,-13,-11,14,0
-5,19,-11,-18,0
1,-1,3,9,0
12,3,-4,12,0
0,1,15,-10,0
22,33,-14,38,0
64,2,-3,-30,0
-12,0,-11,-21,0
3,2,2,13,0
11,10,-1,14,0
-4,1,-1,-10,0
-10,-36,4,-33,0
18,-12,3,38,1
58,-53,-14,29,0
14,-5,1,12,0
27,-23,-15,26,0
-2,10,-1,8,0
-1,-1,-7,11,0
-14,10,14,-26,0
10,0,7,14,0
-1,-2,-1,-12,0
26,-10,3,22,-1
-11,1,4,-16,0
3,4,17,12,0
6,2,-12,19,0
-30,13,7,-48,0
12,-11,3,22,0
15,6,-38,21,0
-13,-41,-9,-31,0
-19,-13,34,-22,0
-15,-6,-10,-21,0
11,10,-2,15,0
10,4,20,14,0
-1,-3,-1,-9,0
2,11,-2,-14,0
-3,17,1,-17,0
-3,-15,-10,-12,0
-7,-13,7,-16,0
23,0,19,26,0
-10,36,-6,-19,0
-12,-3,22,-21,0
-2,-12,-6,-11,0
5,-2,0,-9,0
-7,-4,26,-14,0
-3,-8,-1,19,0
3,4,9,16,0
-12,1,1,-17,0
-12,-17,-5,-15,0
2,-8,20,-15,0
-7,-7,3,-17,0
-3,24,54,-15,0
-14,-10,-13,-22,0
-6,5,3,-18,0
11,-1,11,11,0
-11,4,11,-16,0
-11,18,10,-19,0
0,-4,10,13,0
-5,-10,-1,-15,0
25,3,-13,18,0
3,16,-6,9,0
-20,-13,10,-29,0
2,-10,19,-15,0
-13,0,-7,-17,0
-6,26,8,-19,0
-13,16,11,-19,0
0,-8,22,26,0
-2,-1,3,-7,0
8,11,37,24,0
-6,-26,-1,15,0
0,7,-13,0,1
11,-5,2,12,0
1,3,14,14,0
-29,-3,3,-20,0
14,6,3,30,0
16,-4,41,17,0
12,-7,-6,16,0
-1,-5,1,7,0
-3,17,22,-12,0
-11,2,-7,-15,0
2,0,4,7,0
16,-7,-4,14,0
4,-13,16,-15,0
3,-5,-1,-10,0
14,7,-5,19,0
-2,8,-3,-8,0
16,-10,30,28,0
14,-11,18,20,0
22,-18,14,20,0
17,-2,-2,15,0
8,6,-6,16,0
-13,16,-4,-13,0
13,-12,0,15,0
-13,13,-7,-12,0
8,15,-7,10,0
3,-13,1,6,0
18,18,6,27,0
-11,-11,28,-12,0
7,-10,-6,21,0
12,-6,3,17,0
9,31,1,18,0
2,-4,-1,10,0
-4,12,9,9,0
-2,4,-25,-13,0
5,9,-8,-10,0
0,-6,-7,-12,0
7,14,-11,-11,0
16,1,-18,17,0
5,7,12,11,0
13,-7,13,16,0
4,-14,15,10,0
22,-7,-11,24,0
5,-8,-40,44,0
7,1,4,9,0
-15,1,1,-20,0
-5,-6,10,-12,0
-14,-6,4,-20,0
-2,-5,1,17,1
-8,5,7,-11,0
-3,-5,-44,16,0
12,-1,-5,18,0
-4,-2,-2,12,0
24,-11,-14,24,0
5,0,13,14,0
-8,9,0,-8,0
-28,6,2,-24,0
-4,41,-54,-27,0
37,-13,-1,48,0
-6,-6,-34,-14,0
-6,20,-8,-14,0
34,6,-15,21,0
-57,-20,-14,-53,0
10,20,-12,15,0
-22,-29,-3,-35,0
2,-1,10,20,0
9,-28,-13,20,0
-23,-4,-6,42,0
-5,-1,8,-13,0
-4,-1,-2,-8,0
-10,18,3,-8,0
38,-2,-5,49,0
-14,10,0,-24,0
-7,10,-2,-23,0
26,-8,-3,25,0
9,-5,-11,24,0
3,-35,13,-14,0
2,14,-9,-12,0
12,0,-3,13,0
-37,8,6,37,0
-4,13,-37,11,0
-13,15,10,-14,0
-3,-6,5,8,0
2,-12,3,8,0
-11,-16,-15,19,0
-10,12,9,-9,0
1,-4,-9,-8,0
8,8,0,14,0
8,14,9,10,0
0,8,-6,9,0
3,6,2,-18,0
-6,-11,7,-14,0
7,-5,0,11,0
3,-2,4,9,0
-7,-10,23,-14,0
-4,4,3,13,0
-8,-3,17,-14,0
-5,-2,8,-19,0
-6,-26,-3,-11,0
-4,-13,-8,-7,0
-13,8,10,-16,0
-18,8,19,-26,0
6,-1,-1,-14,0
15,-8,9,23,0
-2,7,-1,13,0
13,-30,21,24,0
-4,17,-4,-12,0
-28,-8,17,-35,0
0,-9,-2,10,0
-4,8,14,11,0
14,-19,3,16,0
-1,21,-4,-12,0
13,44,-5,24,0
8,0,-15,13,0
21,3,-7,-27,0
-24,-21,-6,-42,0
-3,-7,12,-34,0
-1,8,-5,-13,0
26,15,-4,31,0
13,21,-11,19,0
10,-15,-4,15,0
-10,-2,18,-20,0
0,19,-13,12,0
-4,60,-1,-13,0
16,1,-17,32,0
5,-3,2,7,0
-1,15,5,-19,-1
3,14,-2,9,0
-1,15,6,-15,0
1,29,13,-18,0
13,-15,-9,21,0
1,-17,36,24,0
17,21,-9,-41,0
-53,15,6,-39,1
0,4,-14,12,0
13,2,-8,17,0
49,-62,24,51,-1
4,-17,-5,19,-1
-8,-15,14,-19,0
0,11,-19,16,0
1,15,-7,13,0
17,-4,0,16,0
6,-1,6,12,0
-1,3,-4,-9,0
0,-24,-12,-19,0
14,-17,-1,20,0
-25,22,2,-22,0
39,2,13,25,0
6,1,-1,19,0
14,16,1,32,0
20,-22,5,28,0
-14,-8,14,-9,0
7,-5,-20,-25,0
-7,3,-18,-20,0
7,-2,-18,20,0
-3,-30,31,-25,0
16,-7,30,21,0
31,1,3,27,0
-17,3,-3,-13,0
-3,-6,3,10,0
3,14,-19,20,0
24,22,16,30,0
43,-28,-25,62,0
12,6,-16,26,0
-3,-25,-23,-29,0
-15,0,-2,-24,0
9,1,2,14,0
26,12,16,25,0
21,10,1,25,0
-20,3,37,-20,0
7,27,7,14,0
9,3,9,15,0
17,6,-5,15,0
4,8,10,14,0
-36,27,5,-41,0
-24,-12,1,-24,0
14,8,2,22,0
-15,-10,0,-16,0
-2,0,-1,-26,0
-37,18,-3,-34,0
9,11,21,21,0
0,2,0,-7,0
4,6,17,23,0
-10,-6,0,-17,0
-19,-17,8,-23,0
3,20,2,12,0
9,-3,-1,11,0
0,-9,-6,14,0
5,2,-8,-18,0
-15,9,-2,-12,0
18,0,4,15,0
31,0,-14,29,0
-2,-18,-11,17,0
14,-5,19,11,0
-8,-23,-6,26,0
-7,-2,4,-7,0
-12,-9,-9,-21,0
-22,9,-1,-51,0
9,-24,16,-15,0
-7,-2,-12,-18,0
-3,10,-6,-10,0
-6,-7,3,-15,0
2,-2,13,-11,0
-7,-32,-11,-20,0
-7,8,-12,-15,0
4,8,-28,19,0
4,-2,5,-9,0
2,10,7,12,0
-12,0,11,18,0
10,-11,4,17,0
1,3,23,-30,0
-7,-3,13,-17,0
-9,-2,7,-12,0
-8,22,9,-11,0
-20,27,-12,-23,0
-7,10,-7,-11,0
-11,4,16,-10,0
-12,-15,10,-24,0
17,-2,-6,13,0
6,17,12,17,0
-6,2,12,-12,0
16,2,15,16,0
2,-5,0,14,0
10,-5,12,20,0
-10,1,0,-10,0
-3,1,-21,-8,0
0,-14,10,-9,0
-9,-23,4,-32,0
-4,-20,-13,-10,0
-1,0,5,-10,0
3,11,0,-5,0
-1,7,6,15,-1
12,9,11,19,0
-18,-11,29,-37,0
2,2,10,8,0
1,10,-18,19,0
13,1,-7,16,0
2,-3,13,-19,0
-10,25,-8,-15,0
-29,-29,-7,-37,0
-2,19,2,-23,0
-11,7,33,-22,0
-5,-12,14,-34,0
-5,1,29,23,0
9,1,19,17,0
-8,-7,12,0,0
-38,1,10,-44,0
-4,-6,-5,-18,0
14,9,3,17,0
-27,3,-14,-36,0
-15,4,1,-19,0
8,-34,-17,20,0
0,-7,-2,-19,0
-13,7,-10,-21,0
6,22,-12,13,0
13,6,-2,10,0
17,-13,10,16,0
1,2,7,-10,0
105,7,-10,80,0
-8,30,-1,-17,0
-1,0,9,-15,0
-8,-14,1,-35,0
33,31,-2,29,0
-11,-3,0,-11,0
-10,-1,-7,-20,0
-19,38,-41,-28,0
1,16,2,16,0
-7,11,10,-14,0
16,-3,9,18,0
12,-6,2,16,0
11,4,17,14,0
-2,5,-5,-7,0
6,7,1,9,0
-13,5,-17,-11,0
-1,4,6,-15,0
-51,-19,38,-57,0
22,-38,20,28,0
44,-5,38,23,0
-1,2,26,-15,0
-40,28,-22,-31,0
4,0,8,13,0
-9,-2,-25,-22,0
14,-7,-21,9,0
23,3,105,31,0
-9,5,5,-21,0
-5,7,-18,-11,0
0,-3,1,-9,0
-1,-7,8,-19,0
-6,17,-2,-12,0
11,11,-3,16,0
-19,-4,-1,22,0
12,-1,13,24,0
-8,2,-5,-10,0
29,-14,10,20,0
10,2,12,10,0
-1,10,-11,-14,0
-15,4,-7,-13,0
6,3,10,13,0
-19,-40,15,-23,0
6,-5,15,13,0
0,8,0,9,0
3,18,-1,0,0
1,-5,-5,11,0
-6,-14,4,-21,0
-1,0,20,-10,0
-3,-16,-31,-27,0
-1,6,0,-9,0
2,0,-6,-12,0
8,-5,-7,-12,0
10,5,-1,15,0
20,-12,3,10,0
6,3,6,19,0
1,-8,17,9,0
3,-1,-14,-9,0
4,-2,-10,-11,0
-9,15,-21,11,0
1,2,-12,7,0
-3,-7,-12,-10,0
0,16,8,-16,0
7,-1,11,9,0
74,-5,11,69,0
7,-10,19,0,0
-4,-28,-18,-16,0
-20,-14,-1,-17,-1
14,18,-10,16,0
-17,7,-20,-26,0
-34,9,22,-46,0
4,13,20,11,0
-4,-1,0,-14,0
7,23,4,10,0
-5,4,19,-9,0
-24,16,-4,-44,0
-1,7,22,-20,0
-12,-6,-2,-18,0
10,7,3,14,0
3,12,2,33,0
4,-7,-14,19,0
0,24,22,35,0
4,-2,-2,8,0
9,3,4,-17,0
22,-18,1,36,0
-4,10,13,-12,0
5,-15,0,-12,0
-12,2,-9,30,0
43,-6,26,34,0
-11,-6,-21,-24,0
29,13,-30,54,0
7,22,1,0,0
5,-10,26,21,0
1,-24,-13,-19,0
33,-14,-22,45,0
15,0,24,22,0
10,-4,4,13,0
-10,1,0,-15,0
-35,-3,-16,-47,0
-13,1,1,-12,0
-5,2,-29,-14,0
-2,0,4,8,0
-53,-14,9,-64,0
-10,26,101,-15,0
23,16,-3,19,0
-2,-8,0,-15,0
4,13,7,9,0
2,7,-14,14,0
-9,-2,-6,-30,0
-17,73,25,-18,0
-17,-1,7,-15,0
26,-5,6,28,0
18,-10,2,17,0
28,9,-1,21,0
4,-10,1,5,0
-12,10,-16,-12,0
-28,-40,18,-23,0
3,-35,-18,-21,0
1,0,-24,-15,0
-6,-5,26,-13,0
-3,-16,1,-13,0
-17,-7,-10,-18,0
-18,-7,-19,-22,0
2,-7,-13,10,0
8,-4,-4,7,0
5,-12,2,29,0
10,-2,-4,17,0
-6,7,4,-9,0
-35,-18,5,-26,0
-29,-32,-57,-66,1
-2,4,1,-11,0
-14,1,4,-19,0
-3,5,9,0,0
4,-2,7,9,0
14,-28,-34,-21,0
1,-3,-6,6,0
12,9,-5,13,0
38,43,-28,54,0
7,29,-6,0,0
12,12,23,-19,0
-4,-8,6,-13,0
-20,-3,24,-29,0
4,1,0,-6,0
-25,-23,-4,-29,0
3,13,-5,8,0
4,-7,10,-17,0
-1,17,-9,8,0
10,-7,12,17,0
16,-7,-26,24,0
3,4,10,21,0
11,-11,-10,16,0
-10,19,-18,-29,0
-2,-12,2,-10,0
4,-1,34,14,0
20,12,-5,17,0
18,10,21,17,0
3,-20,1,11,0
36,-7,12,31,0
1,-9,9,8,0
-7,-14,-8,-18,0
19,-114,-8,13,0
-6,-21,0,-22,0
-18,42,19,-15,0
4,1,4,9,0
-5,-11,-25,20,0
-7,5,33,-8,0
-6,0,15,-18,0
23,7,9,22,0
-12,-2,8,-28,0
-10,43,-6,-13,0
0,7,-19,-13,0
73,25,0,-34,0
0,31,-11,-14,0
-3,53,-7,-18,0
22,-1,3,16,0
-10,-2,1,-15,0
8,-3,-6,11,0
-6,5,8,15,0
-7,-12,-15,-16,0
-6,24,-4,-12,0
25,23,0,24,0
-1,-5,14,-16,0
29,6,3,30,0
9,17,0,10,0
3,8,-1,-17,0
-8,3,5,-21,0
2,-10,-1,-17,0
-41,-8,-21,-77,0
-3,5,8,-12,0
-46,76,-29,-70,0
10,14,-24,31,0
-11,6,-28,-18,0
7,-3,-10,15,0
-10,5,-14,-21,0
24,31,-2,25,0
-4,-27,3,-35,0
1,-9,-26,-13,0
-6,-17,-7,-10,0
6,6,-18,14,0
3,-13,16,-12,0
41,-45,17,41,-1
8,5,3,29,-1
0,6,11,20,-1
-3,-14,1,-17,-1
-5,-3,3,-19,-1
-17,-4,7,-21,-1
-17,-14,0,-17,-1
8,-21,-1,22,-1
-8,-14,3,-19,-1
3,-16,-4,11,-1
-1,-4,16,19,-1
-10,-9,6,-20,-1
10,0,4,18,-1
1,-12,2,19,-1
1,-14,0,-14,-1
29,0,11,33,-1
3,2,15,25,-1
-13,-14,1,-18,-1
-5,-4,3,-19,-1
3,-15,-2,-2,-1
6,-16,-4,19,-1
-1,-5,14,19,-1
11,6,-3,30,-1
-1,6,7,15,-1
-2,3,16,17,-1
-3,13,6,-19,-1
-3,2,20,17,-1
39,-30,17,42,-1
12,-19,25,29,-1
0,6,5,15,-1
-15,1,12,-24,-1
36,-18,15,38,-1
2,5,17,25,-1
-7,-14,2,-18,-1
-3,0,25,19,-1
-14,4,12,-24,-1
-1,-9,2,-16,-1
1,-10,5,19,-1
16,7,-24,31,-1
11,0,12,24,-1
14,-27,1,26,-1
-10,-8,6,-21,-1
2,-13,0,19,-1
21,-7,3,20,-1
5,4,17,26,-1
-10,7,10,-22,-1
4,0,22,22,-1
-2,2,23,20,-1
-1,14,5,-18,-1
-13,1,12,-24,-1
-8,-14,3,-19,-1
0,3,20,23,-1
13,-10,19,31,-1
-3,-7,4,-18,-1
31,-36,21,41,-1
0,2,3,15,-1
0,23,-7,-13,-1
9,0,4,17,-1
10,-13,-1,22,-1
-2,3,18,17,-1
10,7,-14,25,-1
0,13,4,-18,-1
3,5,16,26,-1
-3,2,21,18,-1
6,0,21,23,-1
4,-17,-4,19,-1
-3,3,4,-19,-1
-3,-14,1,-16,-1
-1,-3,18,19,-1
30,-2,10,31,-1
-8,-2,8,-21,-1
21,7,-29,36,-1
15,-6,10,20,-1
-1,14,5,-16,-1
8,1,14,25,-1
-9,7,10,-22,-1
15,2,15,29,-1
1,-3,1,16,-1
25,-3,-12,28,-1
29,0,12,33,-1
22,0,15,30,-1
26,0,13,32,-1
24,0,10,30,-1
0,23,-7,-13,-1
29,-4,8,29,-1
1,-5,0,-15,-1
0,6,8,17,-1
6,-13,-9,21,-1
8,-14,-2,21,-1
1,6,6,16,-1
0,7,3,-17,-1
-13,-1,11,-23,-1
-2,4,15,16,-1
-1,6,9,15,-1
6,2,5,16,-1
3,0,22,22,-1
-1,12,5,-7,-1
-3,12,6,-20,-1
-17,-6,5,-20,-1
-1,14,5,-19,-1
0,24,-8,-12,-1
22,7,-35,37,-1
0,-14,-1,-14,-1
6,3,16,25,-1
8,5,2,29,-1
8,-15,-3,19,-1
45,-48,21,47,-1
1,-5,0,17,-1
29,-18,6,26,-1
-1,-9,3,-16,-1
-11,-5,8,-22,-1
11,6,-4,30,-1
14,-2,10,24,-1
-2,-8,3,-17,-1
0,3,21,22,-1
28,1,-3,35,-1
6,4,17,27,-1
3,-15,-2,-1,-1
0,8,3,-17,-1
-18,-14,0,-17,-1
15,-13,0,20,-1
25,-9,3,21,-1
-1,5,10,15,-1
0,0,2,16,-1
-3,1,25,19,-1
2,-11,0,-14,-1
1,-2,1,-16,-1
4,3,5,16,-1
3,-14,-1,-7,-1
-2,3,17,17,-1
-3,2,20,17,-1
-6,10,8,-21,-1
-1,-14,-1,-14,-1
-2,4,13,16,-1
-18,-10,2,-18,-1
-9,-2,2,0,-1
2,-14,-1,-14,-1
20,-6,6,22,-1
-1,6,6,15,-1
-1,5,11,16,-1
45,-49,21,47,-1
0,6,5,15,-1
-5,-3,3,-19,-1
3,-16,-3,8,-1
26,0,12,32,-1
41,-46,17,42,-1
-3,1,23,18,-1
3,4,17,25,-1
40,-42,16,40,-1
15,-3,-22,29,-1
17,-6,9,21,-1
-8,-12,4,-19,-1
-17,-7,5,-20,-1
12,-14,-1,20,-1
3,-15,-3,5,-1
-10,-9,6,-20,-1
-14,2,13,-24,-1
20,-20,20,35,-1
-10,7,10,-22,-1
2,-5,-2,-13,-1
-14,1,12,-24,-1
22,-35,6,32,-1
13,-1,4,18,-1
13,2,15,28,-1
-18,-12,0,-14,-1
14,2,15,29,-1
-17,-4,7,-21,-1
19,-26,25,33,-1
17,-12,0,20,-1
0,13,0,6,-1
2,-13,1,19,-1
-6,-6,3,-19,-1
-4,9,3,-18,-1
-10,-3,2,-1,-1
24,6,-33,36,-1
0,25,-9,-12,-1
3,-15,-3,7,-1
-5,2,4,8,-1
-18,-9,3,-19,-1
-6,-6,0,-17,-1
3,-15,-2,1,-1
0,2,22,22,-1
1,20,-8,-12,-1
-12,-14,-1,-16,-1
1,8,-6,-12,-1
0,22,-8,-12,-1
43,-50,19,44,-1
11,3,8,22,-1
21,0,15,30,-1
25,-9,3,21,-1
-1,14,5,-19,-1
25,-3,-11,27,-1
1,-6,0,17,-1
-1,9,5,2,-1
-13,0,11,-23,-1
30,-2,10,32,-1
16,-12,0,20,-1
0,6,7,16,-1
0,21,-4,-14,-1
0,-6,12,19,-1
-10,-7,7,-21,-1
-12,5,12,-23,-1
0,4,2,-17,-1
17,0,-26,31,-1
-19,-13,0,-17,-1
-3,1,25,18,-1
7,3,16,27,-1
9,0,13,24,-1
2,5,-5,-13,-1
0,6,3,-17,-1
-19,-12,0,-17,-1
-1,15,-6,-13,-1
-4,-2,3,-19,-1
8,-3,18,29,-1
4,5,6,18,-1
-6,-9,3,-19,-1
1,4,19,24,-1
0,-7,11,19,-1
-2,-15,0,0,-1
-1,22,-6,-13,-1
-19,-14,0,-17,-1
15,-13,19,32,-1
13,0,18,26,-1
0,6,11,19,-1
29,-3,9,30,-1
6,5,7,19,-1
-19,-11,1,-18,-1
11,3,8,22,-1
20,7,-31,34,-1
0,-14,0,-15,-1
1,-4,1,-15,-1
-7,-13,2,-18,-1
4,4,17,26,-1
2,5,17,25,-1
-13,-14,-1,-16,-1
0,21,-5,-4,-1
23,0,10,29,-1
2,-11,0,-14,-1
3,-16,-4,10,-1
-11,-14,1,-18,-1
3,-16,-4,11,-1
0,-7,12,19,-1
35,-14,14,37,-1
45,-57,23,49,-1
16,2,15,29,-1
2,-14,-1,-14,-1
1,-14,-1,-14,-1
1,-14,0,-14,-1
3,-14,-1,-9,-1
0,1,2,-16,-1
10,0,4,17,-1
-13,-3,1,-17,-1
2,5,16,24,-1
0,14,4,-18,-1
2,0,-4,-13,-1
2,-13,0,-14,-1
11,0,19,25,-1
24,-8,3,21,-1
-1,13,4,-19,-1
0,18,-3,0,-1
18,-5,3,20,-1
3,-16,-3,10,-1
0,25,-9,-12,-1
1,3,20,24,-1
-2,4,12,16,-1
-6,-9,3,-19,-1
0,21,-3,-15,-1
28,-41,10,36,-1
-3,0,25,19,-1
2,-7,0,17,-1
21,1,14,31,-1
27,0,11,31,-1
-16,-14,-1,-16,-1
-2,20,-4,-14,-1
-4,-15,0,-9,-1
9,-5,18,29,-1
3,-4,7,22,-1
-7,-14,-1,-15,-1
0,16,3,-18,-1
-1,10,4,-19,-1
10,3,16,28,-1
-1,14,5,-19,-1
-12,-2,10,-23,-1
-13,-14,1,-18,-1
1,-14,-1,-14,-1
-11,-5,8,-22,-1
0,16,-2,1,-1
25,0,11,30,-1
24,-9,3,22,-1
6,2,15,25,-1
1,-4,0,-15,-1
9,-4,15,20,-1
16,-12,0,20,-1
-4,-14,1,-17,-1
-1,10,5,0,-1
-7,-15,2,-16,-1
-4,0,4,-19,-1
29,0,2,34,-1
0,-8,9,19,-1
2,5,17,25,-1
0,1,3,15,-1
-2,1,24,20,-1
18,-7,8,21,-1
0,19,-7,-13,-1
-1,9,5,3,-1
24,0,13,32,-1
0,20,-2,-15,-1
18,7,-28,33,-1
5,5,11,27,-1
-9,-14,2,-18,-1
6,4,17,27,-1
0,1,3,15,-1
40,-34,18,43,-1
3,-16,-4,18,-1
3,0,12,24,-1
0,6,5,15,-1
-1,6,7,15,-1
-13,-14,1,-18,-1
3,3,15,25,-1
3,-5,7,22,-1
-4,0,4,-19,-1
46,-56,21,47,-1
11,-14,-2,20,-1
-4,3,4,9,-1
16,6,-16,33,-1
13,-10,19,31,-1
-3,0,24,19,-1
8,3,16,27,-1
25,-38,8,34,-1
1,-11,3,19,-1
-2,21,-5,-14,-1
-17,-4,7,-21,-1
-1,2,23,21,-1
-12,5,12,-23,-1
28,-37,24,38,-1
28,0,13,32,-1
36,-34,12,35,-1
0,24,-7,-13,-1
28,1,-2,35,-1
3,-16,-4,12,-1
1,13,-7,-12,-1
0,9,3,11,-1
3,-14,-3,18,-1
1,14,-7,-12,-1
3,4,17,25,-1
41,-53,24,46,-1
-1,5,10,15,-1
-9,-11,5,-20,-1
23,-8,4,22,-1
10,-8,-16,25,-1
-12,4,12,-24,-1
3,-7,5,22,-1
-6,10,8,-21,-1
28,-2,10,32,-1
2,-10,0,-14,-1
-3,12,6,-20,-1
0,20,-2,-15,-1
2,5,17,25,-1
10,0,4,17,-1
3,-16,-4,18,-1
-7,5,3,-18,-1
-15,-14,0,-17,-1
-16,-14,-1,-16,-1
-6,-14,2,-18,-1
0,21,-3,-14,-1
46,-52,22,48,-1
3,-16,-4,18,-1
-7,-4,7,-20,-1
-9,1,2,-18,-1
-11,6,11,-23,-1
-3,1,23,18,-1
-18,-11,0,-17,-1
0,17,0,-17,-1
0,9,3,-18,-1
21,-8,6,21,-1
4,5,7,18,-1
-11,-5,8,-22,-1
3,-10,1,21,-1
-14,-4,0,-17,-1
18,-8,3,26,-1
30,-19,6,27,-1
3,-5,7,22,-1
1,11,-6,-12,-1
3,-6,6,22,-1
-3,12,6,-20,-1
-13,-4,1,-17,-1
-11,0,11,-23,-1
0,18,0,-16,-1
-2,9,4,-19,-1
-14,1,12,-24,-1
24,0,13,32,-1
-7,-10,3,-19,-1
17,0,-25,31,-1
-1,11,5,-3,-1
4,0,22,22,-1
10,4,8,21,-1
11,3,8,22,-1
0,6,10,18,-1
33,-10,13,36,-1
15,-2,10,23,-1
4,-16,-5,19,-1
-5,-14,-1,-15,-1
-1,8,5,10,-1
9,4,7,21,-1
7,0,21,23,-1
10,0,13,24,-1
24,-8,3,21,-1
0,-11,1,-15,-1
29,0,4,34,-1
19,2,-29,33,-1
0,24,-7,-13,-1
-13,-2,10,-23,-1
8,0,21,24,-1
22,0,13,31,-1
-2,-14,1,-16,-1
22,-5,6,29,-1
2,5,15,23,-1
-19,-13,0,-17,-1
3,-10,1,21,-1
-8,-2,8,-21,-1
2,4,18,25,-1
1,-14,0,-14,-1
1,4,19,24,-1
3,-12,0,20,-1
-3,4,4,-19,-1
6,2,5,16,-1
-7,-12,3,-19,-1
0,3,20,23,-1
-4,1,4,-19,-1
-8,-13,4,-19,-1
-2,4,14,16,-1
-2,3,16,17,-1
6,-13,-9,21,-1
20,-27,25,33,-1
26,4,-18,36,-1
-14,2,13,-24,-1
3,-14,-1,-10,-1
0,17,-3,0,-1
-1,6,6,15,-1
29,1,0,35,-1
3,-14,-1,-11,-1
1,14,-7,-12,-1
-7,-10,3,-19,-1
18,0,-27,32,-1
2,5,16,25,-1
2,-4,-3,-13,-1
21,-7,5,22,-1
2,-13,0,-14,-1
26,-11,3,23,-1
0,18,0,-17,-1
-14,-5,0,-17,-1
7,-12,-10,22,-1
-4,-15,0,-8,-1
28,-16,5,25,-1
43,-56,20,47,-1
-12,-2,10,-23,-1
0,20,-1,-15,-1
3,-14,-3,18,-1
3,-1,20,19,-1
48,-61,23,50,-1
15,-13,0,20,-1
3,-10,1,21,-1
13,-5,12,20,-1
16,7,-24,31,-1
-10,9,6,-21,-1
4,0,22,22,-1
0,24,-8,-12,-1
23,-8,4,22,-1
3,1,14,24,-1
0,13,0,6,-1
0,6,10,19,-1
0,24,-8,-12,-1
25,6,-27,37,-1
-1,0,24,20,-1
20,-11,1,21,-1
21,-6,6,22,-1
-1,14,5,-17,-1
-10,-14,-1,-15,-1
-8,-14,2,-18,-1
-1,22,-6,-13,-1
-6,-5,6,-19,-1
-3,1,24,18,-1
2,-13,0,19,-1
19,1,14,30,-1
-1,7,5,11,-1
0,24,-8,-9,-1
-1,0,23,19,-1
-2,-8,3,-17,-1
1,4,19,24,-1
-3,4,5,11,-1
28,-6,6,27,-1
2,5,-5,-13,-1
0,6,11,19,-1
34,-40,22,43,-1
9,-3,16,20,-1
2,-4,-3,-13,-1
14,-5,12,20,-1
0,-14,-1,-14,-1
12,-5,13,20,-1
28,2,-7,35,-1
3,-3,9,23,-1
-4,1,-2,-16,-1
1,5,14,22,-1
3,-1,20,19,-1
-7,9,9,-21,-1
-15,1,12,-24,-1
-2,4,13,16,-1
1,-4,0,16,-1
0,-16,-2,5,-1
24,-10,2,21,-1
11,3,8,22,-1
1,-12,2,19,-1
0,2,22,22,-1
3,-3,9,23,-1
24,-8,3,21,-1
18,-7,8,21,-1
20,1,14,31,-1
11,-4,13,20,-1
0,6,6,15,-1
-2,13,6,-19,-1
-4,-14,1,-17,-1
2,4,18,25,-1
1,12,-7,-12,-1
-3,6,-3,-15,-1
3,-12,-2,18,-1
-8,11,4,-19,-1
-4,11,7,-20,-1
-2,8,4,-19,-1
11,7,-14,26,-1
23,7,-36,37,-1
30,-1,11,33,-1
-11,5,12,-23,-1
47,-59,23,50,-1
-15,1,12,-24,-1
0,22,-4,-14,-1
0,2,3,15,-1
12,-6,-18,27,-1
0,20,-2,-15,-1
-5,-6,3,-19,-1
0,13,4,-18,-1
14,2,15,29,-1
-3,1,25,19,-1
20,1,14,30,-1
3,-14,-2,19,-1
1,-10,5,19,-1
-1,10,5,-1,-1
0,11,4,-18,-1
28,-5,7,27,-1
17,-4,3,19,-1
-19,-14,-1,-16,-1
0,3,4,15,-1
0,20,-5,-4,-1
18,2,9,26,-1
-4,-6,5,-18,-1
26,4,-16,36,-1
0,24,-8,-12,-1
6,0,21,23,-1
-1,2,22,21,-1
-14,-5,0,-17,-1
-12,5,12,-23,-1
3,-16,-4,17,-1
-10,-14,2,-18,-1
3,4,17,25,-1
18,-12,0,20,-1
3,-14,-1,-12,-1
-10,8,7,-21,-1
29,0,11,32,-1
-1,11,5,-5,-1
-9,10,6,-20,-1
-1,11,4,-19,-1
24,1,-21,31,-1
-2,-14,0,-16,-1
0,-1,1,16,-1
3,-16,-4,15,-1
-6,-14,-1,-15,-1
-6,-7,3,-19,-1
28,0,11,32,-1
-13,3,13,-24,-1
-4,-14,1,-17,-1
0,-2,25,20,-1
-1,2,23,21,-1
-7,5,3,-18,-1
-9,11,5,-20,-1
-17,-7,5,-20,-1
48,-61,23,50,-1
-12,-3,9,-22,-1
7,-20,-2,21,-1
-2,4,13,16,-1
0,9,3,11,-1
-4,11,7,-20,-1
46,-54,22,48,-1
-1,0,23,19,-1
-13,1,13,-24,-1
-2,3,16,17,-1
-1,8,5,10,-1
30,0,12,33,-1
19,-7,4,27,-1
4,-2,19,19,-1
-2,-14,0,-16,-1
15,-10,2,25,-1
46,-59,23,49,-1
-15,0,12,-24,-1
-1,10,5,0,-1
17,0,-26,31,-1
-1,12,5,-9,-1
18,-18,20,34,-1
-1,22,-6,-14,-1
0,0,2,16,-1
0,17,-3,0,-1
-10,6,11,-23,-1
-9,-10,6,-20,-1
16,7,-23,30,-1
-10,-14,2,-18,-1
40,-34,18,43,-1
2,-13,1,19,-1
21,-6,3,20,-1
2,-14,0,19,-1
-1,7,5,12,-1
3,-15,-2,0,-1
43,-42,20,45,-1
1,-6,0,17,-1
40,-42,16,40,-1
0,-9,7,19,-1
3,-16,-3,9,-1
36,-20,15,39,-1
-9,11,5,-20,-1
0,-11,1,-15,-1
-7,-4,7,-20,-1
3,1,14,25,-1
23,-10,2,21,-1
0,19,-4,-2,-1
0,23,-7,-7,-1
-19,-13,0,-17,-1
13,-11,1,24,-1
-1,2,23,21,-1
33,-46,14,40,-1
-19,-14,0,-17,-1
16,-3,9,23,-1
-10,-9,6,-20,-1
13,-19,25,29,-1
0,19,0,-16,-1
13,2,15,28,-1
-11,0,10,-22,-1
2,-13,0,-14,-1
13,-13,-1,20,-1
0,-16,-2,7,-1
-16,-14,-1,-16,-1
-8,-14,-1,-15,-1
2,-14,-1,-14,-1
16,2,15,29,-1
-1,7,5,13,-1
0,6,10,19,-1
48,-59,23,50,-1
1,24,-9,-12,-1
-3,-14,1,-17,-1
-12,6,10,-22,-1
25,-10,2,21,-1
2,5,15,23,-1
-13,-14,1,-18,-1
-4,-14,1,-17,-1
-2,4,5,11,-1
-13,4,12,-24,-1
0,24,-8,-12,-1
17,0,-26,32,-1
0,24,-8,-12,-1
14,-10,1,24,-1
-6,-9,3,-19,-1
-3,0,25,19,-1
-3,-14,-1,-14,-1
-7,-14,2,-18,-1
-6,10,8,-21,-1
12,-14,-1,20,-1
0,-1,2,16,-1
1,0,1,-16,-1
0,6,7,16,-1
-3,-14,1,-16,-1
0,3,21,22,-1
-4,12,7,-20,-1
26,0,12,32,-1
38,-39,14,38,-1
-5,11,7,-20,-1
9,-15,-2,19,-1
19,7,-28,33,-1
2,-12,0,-14,-1
-12,-3,10,-22,-1
0,-14,0,-15,-1
0,7,4,15,-1
3,-15,-2,0,-1
11,-14,-2,20,-1
0,6,11,19,-1
-15,0,11,-23,-1
-11,-7,7,-21,-1
-9,11,5,-20,-1
0,-7,10,19,-1
15,6,-14,33,-1
25,-9,3,21,-1
0,11,4,-18,-1
14,-5,11,20,-1
1,-3,1,16,-1
0,14,0,4,-1
20,-6,3,20,-1
-3,-15,0,-3,-1
0,25,-9,-10,-1
27,3,-13,36,-1
-1,-16,-1,1,-1
-18,-10,2,-18,-1
3,-16,-4,19,-1
0,-14,-1,-14,-1
-10,9,7,-21,-1
16,-9,2,25,-1
27,0,12,32,-1
0,0,24,20,-1
8,-15,-3,19,-1
26,-8,4,23,-1
-2,1,24,20,-1
42,-47,18,43,-1
-6,-14,2,-18,-1
24,-9,3,21,-1
3,-16,-4,14,-1
14,-13,-1,20,-1
3,-14,-1,-13,-1
-10,-3,2,-1,-1
3,5,6,17,-1
22,-35,6,32,-1
-12,-14,1,-18,-1
-4,-14,1,-17,-1
-16,-9,0,-10,-1
-5,1,4,7,-1
-8,-3,8,-20,-1
-2,3,16,17,-1
-2,4,15,16,-1
-3,2,4,-19,-1
3,-7,25,23,-1
25,-9,3,22,-1
-17,-3,7,-21,-1
26,-8,4,24,-1
22,0,15,30,-1
0,3,21,23,-1
-1,13,4,-19,-1
1,4,19,24,-1
-18,-14,0,-17,-1
0,-11,1,-15,-1
0,3,21,22,-1
33,-10,13,36,-1
-3,1,23,18,-1
3,-15,-4,18,-1
-9,-14,2,-18,-1
15,2,15,29,-1
-2,-14,1,-16,-1
37,-23,16,40,-1
-1,0,24,19,-1
25,-9,3,21,-1
-7,13,2,-18,-1
-6,0,3,5,-1
-4,-14,1,-17,-1
-16,-2,9,-22,-1
1,20,-8,-12,-1
-1,13,-6,-14,-1
16,0,-25,31,-1
-12,5,12,-23,-1
-11,6,11,-23,-1
18,7,-27,33,-1
24,-9,3,21,-1
-3,0,25,19,-1
-1,6,6,15,-1
25,-4,-9,27,-1
-19,-11,1,-18,-1
21,1,10,28,-1
2,4,18,25,-1
-1,9,5,6,-1
3,-13,-1,20,-1
-3,20,-3,-15,-1
-8,-12,4,-19,-1
3,-11,0,20,-1
5,3,5,16,-1
-10,-8,6,-21,-1
29,1,0,34,-1
25,0,14,31,-1
-10,-8,7,-21,-1
-1,7,5,11,-1
1,-4,0,16,-1
0,24,-8,-9,-1
12,-1,11,24,-1
15,6,-14,33,-1
-7,-13,3,-19,-1
-1,-5,15,19,-1
27,0,13,32,-1
-6,-9,3,-19,-1
-1,13,4,-18,-1
-1,6,7,15,-1
-3,0,24,19,-1
-1,10,5,-1,-1
9,0,13,24,-1
28,-2,10,32,-1
13,0,19,26,-1
-3,12,6,-20,-1
20,0,16,29,-1
0,6,5,15,-1
-8,-14,2,-18,-1
0,-9,7,19,-1
6,1,5,17,-1
24,3,-27,34,-1
16,7,-24,31,-1
-2,-2,19,19,-1
3,-16,-4,16,-1
16,0,17,27,-1
-1,6,7,15,-1
-9,10,6,-20,-1
-2,-14,0,-16,-1
-1,5,10,15,-1
-3,-7,4,-17,-1
4,-16,-4,19,-1
-8,12,4,-19,-1
8,0,20,24,-1
15,-6,11,20,-1
20,7,-31,35,-1
6,4,17,26,-1
39,-31,17,42,-1
0,-7,12,19,-1
-12,-4,9,-22,-1
2,-7,0,17,-1
22,7,-33,37,-1
0,-16,-2,6,-1
0,21,-6,-5,-1
-11,-14,1,-18,-1
11,-24,0,24,-1
34,-12,14,37,-1
12,-5,13,20,-1
39,-30,17,42,-1
-17,-10,0,-12,-1
-2,1,24,20,-1
-13,-14,-1,-16,-1
1,5,12,20,-1
43,-44,20,46,-1
23,-10,1,21,-1
15,-3,4,19,-1
22,7,-34,37,-1
-10,-1,10,-22,-1
20,1,10,27,-1
2,-14,-1,-14,-1
0,3,21,22,-1
2,-13,0,-14,-1
-1,-3,17,19,-1
0,0,2,16,-1
1,-14,-1,-14,-1
4,-9,25,24,-1
30,0,11,33,-1
-18,-9,2,-18,-1
-11,-14,1,-18,-1
3,-1,10,23,-1
-13,5,11,-23,-1
-1,-5,14,19,-1
25,5,-23,36,-1
26,-8,4,23,-1
-5,11,7,-20,-1
30,-20,7,28,-1
23,-10,2,21,-1
14,6,-13,32,-1
-13,1,12,-24,-1
13,2,15,29,-1
0,25,-9,-12,-1
1,-12,0,-14,-1
-10,6,11,-23,-1
-17,-5,6,-20,-1
14,-5,11,20,-1
-10,-8,7,-21,-1
-13,-14,-1,-16,-1
-3,1,25,19,-1
-2,1,24,20,-1
-4,-14,1,-17,-1
10,0,12,24,-1
-19,-14,-1,-16,-1
-5,8,3,-18,-1
-7,-12,2,-18,-1
25,-4,-8,26,-1
-1,-4,16,19,-1
2,4,18,25,-1
-13,0,11,-23,-1
-10,7,10,-22,-1
0,15,4,-18,-1
16,-1,-25,31,-1
30,0,9,34,-1
-2,3,16,17,-1
0,-9,8,19,-1
15,-3,9,23,-1
-18,-10,2,-18,-1
-9,11,5,-20,-1
-2,3,18,17,-1
30,-1,11,33,-1
20,-6,6,22,-1
41,-36,19,43,-1
-11,0,11,-23,-1
25,0,14,31,-1
27,-8,4,24,-1
25,-3,-10,27,-1
-11,-6,8,-21,-1
-2,13,6,-19,-1
0,17,1,-17,-1
0,-14,0,-15,-1
0,3,21,23,-1
35,-42,22,43,-1
3,-13,-3,18,-1
-5,10,8,-21,-1
2,-10,-2,17,-1
34,-40,22,43,-1
14,-21,25,30,-1
9,0,20,24,-1
9,5,2,29,-1
-5,-14,2,-18,-1
-13,4,13,-24,-1
36,-49,15,41,-1
11,0,12,24,-1
47,-58,22,49,-1
3,-14,-3,18,-1
-2,-14,1,-16,-1
27,-7,5,25,-1
1,0,23,21,-1
0,6,5,15,-1
-3,-15,0,-4,-1
-1,-5,15,19,-1
-14,2,13,-24,-1
2,5,16,24,-1
19,-7,4,27,-1
0,16,-2,1,-1
16,-3,9,23,-1
3,-15,-2,1,-1
38,-25,16,40,-1
48,-61,23,50,-1
-4,-1,3,-19,-1
3,-16,-4,17,-1
37,-35,13,35,-1
-7,0,3,4,-1
21,1,10,28,-1
-6,-8,3,-19,-1
-10,0,10,-22,-1
1,-5,0,17,-1
-19,-14,0,-17,-1
1,-14,0,-14,-1
2,-13,0,-14,-1
-6,-8,3,-19,-1
-6,-9,3,-19,-1
0,21,-8,-12,-1
0,0,3,16,-1
0,6,6,15,-1
-3,6,4,-19,-1
-4,12,7,-20,-1
27,3,-11,35,-1
42,-40,19,45,-1
12,-14,-2,20,-1
-1,6,6,15,-1
22,0,13,31,-1
3,-15,-3,7,-1
-14,2,13,-24,-1
-6,-10,3,-19,-1
25,-9,3,21,-1
3,-16,-4,15,-1
0,17,1,-17,-1
23,0,15,30,-1
1,7,-5,-12,-1
-5,16,0,-17,-1
-10,6,11,-23,-1
-1,14,5,-19,-1
-17,-14,0,-17,-1
-2,-3,18,19,-1
40,-32,18,42,-1
2,-10,-2,17,-1
-6,-5,6,-19,-1
-14,3,13,-24,-1
29,0,12,33,-1
-13,2,13,-24,-1
7,-12,25,25,-1
-19,-13,0,-17,-1
15,2,15,29,-1
3,-16,-4,19,-1
28,-2,10,32,-1
29,-38,24,39,-1
24,0,13,32,-1
-1,13,5,-12,-1
2,5,16,24,-1
20,1,14,30,-1
-1,13,5,-11,-1
1,-3,1,16,-1
-16,-14,-1,-16,-1
3,-14,-1,-7,-1
19,-19,20,35,-1
-11,-14,-1,-15,-1
36,-20,15,39,-1
10,3,16,28,-1
21,-6,6,28,-1
-1,0,24,20,-1
22,0,13,31,-1
0,20,-2,-15,-1
0,16,3,-18,-1
-16,-1,9,-22,-1
-3,1,24,18,-1
42,-52,23,47,-1
23,7,-36,37,-1
15,-22,25,30,-1
0,2,2,-16,-1
2,5,16,24,-1
0,6,6,15,-1
14,3,8,23,-1
-9,-10,5,-20,-1
2,5,-5,-13,-1
2,-1,-3,-13,-1
-3,1,25,19,-1
-1,-9,3,-17,-1
-2,-2,20,19,-1
-11,-5,8,-22,-1
-7,9,9,-21,-1
-7,9,8,-21,-1
-19,-12,0,-17,-1
0,19,-7,-13,-1
24,0,-19,30,-1
-13,0,11,-23,-1
-18,-14,-1,-16,-1
7,-13,-10,21,-1
-7,-14,2,-18,-1
-2,21,-5,-14,-1
-1,6,8,15,-1
-2,-3,18,19,-1
25,-9,3,22,-1
40,-53,18,44,-1
0,6,5,15,-1
-1,14,4,-19,-1
3,-16,-3,9,-1
3,-14,-1,-13,-1
9,7,-12,24,-1
8,1,14,24,-1
11,0,19,25,-1
-12,-14,1,-18,-1
-7,-15,2,-16,-1
-15,-14,0,-17,-1
2,-13,0,-14,-1
0,-14,0,-14,-1
3,0,13,24,-1
-13,1,12,-23,-1
-1,6,7,15,-1
-1,6,5,13,-1
-7,14,2,-18,-1
4,-16,-4,19,-1
29,-3,9,31,-1
-2,-1,20,19,-1
18,-8,3,26,-1
0,12,1,7,-1
-3,2,21,18,-1
0,-16,-2,5,-1
-12,-14,-1,-15,-1
3,-13,-3,18,-1
28,-6,6,27,-1
-2,1,24,20,-1
13,0,19,26,-1
23,7,-36,37,-1
48,-61,23,50,-1
3,-2,9,23,-1
-1,0,24,19,-1
0,21,-6,-5,-1
-3,-14,1,-17,-1
-1,5,10,15,-1
0,18,0,-16,-1
21,-7,3,20,-1
-9,-10,5,-20,-1
44,-55,23,48,-1
-1,10,5,0,-1
48,-60,23,50,-1
27,-40,10,35,-1
0,3,20,23,-1
1,-14,0,-14,-1
-2,-9,3,-17,-1
-3,-14,1,-17,-1
25,-8,0,23,-1
30,0,12,33,-1
24,7,-35,37,-1
1,4,19,24,-1
3,-15,-3,6,-1
7,-3,16,20,-1
14,-11,19,32,-1
0,-4,25,21,-1
-1,13,4,-19,-1
-14,-14,0,-17,-1
-13,-3,1,-17,-1
21,-11,1,21,-1
22,1,10,29,-1
0,3,21,22,-1
-2,11,-5,-14,-1
-2,3,19,17,-1
0,-14,0,-15,-1
-17,-14,0,-17,-1
28,0,13,32,-1
0,24,-8,-9,-1
-7,9,9,-21,-1
0,6,8,17,-1
25,-9,3,22,-1
25,-10,2,21,-1
-5,-15,1,-12,-1
22,-8,6,21,-1
21,0,15,29,-1
-19,-13,0,-17,-1
10,0,4,17,-1
41,-35,18,43,-1
12,-6,-18,26,-1
2,5,-5,-13,-1
5,2,5,16,-1
3,-16,-3,9,-1
-3,4,4,-19,-1
2,5,16,24,-1
0,8,5,13,-1
0,4,4,15,-1
26,-35,24,37,-1
-11,5,12,-23,-1
14,-3,-21,28,-1
-2,4,15,16,-1
8,3,16,27,-1
-1,-14,0,-16,-1
-16,-10,0,-11,-1
-4,-15,0,-6,-1
6,-13,-9,21,-1
19,7,-25,35,-1
3,-16,-4,16,-1
2,-14,0,-14,-1
-7,-14,2,-18,-1
-8,8,9,-22,-1
19,1,14,30,-1
3,-12,0,20,-1
0,16,2,-17,-1
0,19,-4,-3,-1
-12,-2,10,-23,-1
-5,-14,2,-17,-1
0,6,10,18,-1
20,7,-30,34,-1
0,6,7,16,-1
15,-3,9,23,-1
0,6,3,-17,-1
3,-15,-3,4,-1
-2,0,25,19,-1
-1,23,-6,-13,-1
3,-14,-1,-6,-1
0,25,-9,-11,-1
13,7,-19,28,-1
28,-5,7,27,-1
-7,-13,3,-19,-1
-3,0,25,19,-1
19,-7,8,21,-1
-16,-2,9,-22,-1
-3,2,19,17,-1
20,-6,6,22,-1
-3,0,25,19,-1
10,-16,25,27,-1
25,-9,3,21,-1
19,7,-24,35,-1
-3,-8,4,-17,-1
0,-16,-2,9,-1
29,0,4,34,-1
17,2,9,25,-1
0,22,-5,-14,-1
18,-12,0,21,-1
-11,-14,1,-18,-1
5,-10,25,24,-1
22,-11,1,21,-1
20,-6,5,28,-1
3,-16,-4,15,-1
29,0,2,34,-1
30,0,11,34,-1
-11,8,8,-21,-1
19,1,14,30,-1
13,-5,12,20,-1
0,22,-4,-14,-1
1,-12,0,-14,-1
-2,3,16,17,-1
-3,2,20,17,-1
3,-12,-3,18,-1
0,17,1,-17,-1
16,-12,0,20,-1
3,-15,-3,19,-1
3,-14,-1,-12,-1
-4,-15,0,-8,-1
-5,16,0,-17,-1
-1,9,5,4,-1
-6,-6,3,-19,-1
-18,-9,2,-18,-1
22,-8,5,21,-1
11,7,-14,26,-1
3,-15,-3,2,-1
-18,-7,4,-19,-1
-13,4,12,-24,-1
-3,2,22,18,-1
-1,5,12,16,-1
0,-16,-2,8,-1
0,1,2,-16,-1
-1,14,5,-16,-1
17,-30,3,28,-1
8,5,3,29,-1
-7,-10,3,-19,-1
-18,-9,3,-19,-1
7,-12,-11,22,-1
3,-16,-4,12,-1
-2,3,19,17,-1
0,6,10,18,-1
3,4,17,25,-1
-3,3,4,10,-1
17,-6,9,21,-1
19,-11,0,21,-1
1,-6,0,17,-1
0,25,-9,-12,-1
24,0,-17,30,-1
-2,4,13,16,-1
-6,-15,1,-12,-1
30,-21,7,28,-1
-1,-9,2,-16,-1
3,-15,-3,6,-1
0,24,-9,-12,-1
3,-13,-3,18,-1
48,-61,23,50,-1
0,0,2,16,-1
30,-1,11,33,-1
-17,-4,7,-21,-1
1,4,19,24,-1
-3,19,-2,-15,-1
-1,21,-5,-14,-1
23,-25,20,37,-1
-14,3,13,-24,-1
-1,13,4,-19,-1
14,-2,10,23,-1
-5,-3,0,-17,-1
2,5,16,24,-1
24,0,14,31,-1
-1,8,5,8,-1
-2,3,17,17,-1
0,18,-3,-1,-1
-15,0,12,-23,-1
6,4,17,27,-1
25,6,-29,37,-1
-18,-8,3,-19,-1
16,7,-24,31,-1
25,-7,-2,24,-1
18,-12,0,21,-1
-1,-14,-1,-14,-1
-1,-9,2,-16,-1
17,-4,8,23,-1
-6,-14,-1,-15,-1
1,-16,-3,12,-1
6,-16,-4,19,-1
3,4,17,25,-1
19,0,16,29,-1
-7,-15,2,-17,-1
-6,15,0,-17,-1
24,2,-25,33,-1
3,-16,-3,8,-1
-1,-5,15,19,-1
-5,17,0,-16,-1
0,5,2,-17,-1
-10,9,7,-21,-1
-12,-5,1,-4,-1
-3,1,24,18,-1
-2,-2,19,19,-1
0,6,3,-17,-1
1,-1,1,-16,-1
-6,5,3,-18,-1
7,0,21,23,-1
24,-9,4,21,-1
-2,4,13,16,-1
3,3,16,25,-1
-5,-14,-1,-15,-1
18,-12,0,21,-1
18,0,17,28,-1
2,0,23,21,-1
17,2,9,26,-1
-2,1,24,20,-1
1,21,-9,-12,-1
5,0,22,23,-1
3,-16,-3,9,-1
3,-15,-3,4,-1
2,-13,0,-14,-1
26,-9,3,22,-1
27,3,-11,35,-1
20,-8,7,21,-1
5,-18,-4,19,-1
23,-10,2,21,-1
1,-2,1,16,-1
-13,-14,-1,-16,-1
1,-11,4,19,-1
0,-9,8,19,-1
1,5,13,22,-1
-8,12,4,-19,-1
18,-7,9,21,-1
3,-12,0,20,-1
28,-5,7,28,-1
-9,-10,5,-20,-1
19,-12,0,21,-1
3,-9,2,21,-1
3,4,17,26,-1
21,-34,6,31,-1
3,-14,-1,-11,-1
-1,0,24,19,-1
26,-9,3,22,-1
-12,-2,10,-23,-1
22,5,-34,36,-1
13,-5,12,20,-1
-12,-14,1,-18,-1
28,2,-5,35,-1
0,17,0,-17,-1
2,-14,-1,-14,-1
0,7,5,14,-1
1,-12,2,19,-1
17,-4,3,19,-1
6,0,21,23,-1
-8,-1,3,2,-1
3,-14,-2,-3,-1
0,0,3,16,-1
0,3,2,-16,-1
-2,-1,21,19,-1
-1,6,7,15,-1
-9,-14,2,-18,-1
-19,-11,1,-18,-1
-7,-12,2,-18,-1
-16,-1,10,-22,-1
22,-8,3,21,-1
0,22,-6,-6,-1
12,-6,-18,26,-1
-16,-14,0,-17,-1
0,13,0,6,-1
3,-3,8,23,-1
-1,7,5,14,-1
-14,-14,0,-17,-1
-1,12,5,-10,-1
12,7,-17,27,-1
24,-9,3,21,-1
-6,10,8,-21,-1
-12,0,11,-23,-1
-2,1,24,20,-1
33,-27,9,31,-1
0,6,6,15,-1
1,-12,0,-15,-1
24,7,-36,37,-1
17,2,9,25,-1
2,4,18,25,-1
10,3,16,28,-1
32,-6,13,35,-1
3,-7,4,22,-1
0,-14,0,-15,-1
0,19,-1,-15,-1
-10,-1,9,-21,-1
-14,2,13,-24,-1
28,2,-8,35,-1
14,-5,11,20,-1
10,6,-1,30,-1
-1,-9,2,-16,-1
-9,-1,9,-21,-1
28,0,12,33,-1
-13,0,11,-23,-1
-13,4,12,-24,-1
-16,-14,0,-17,-1
2,-14,-1,-14,-1
-14,-14,-1,-16,-1
8,-15,-3,19,-1
-5,-14,1,-17,-1
-4,12,7,-20,-1
3,-16,-4,16,-1
0,3,21,22,-1
2,-3,-3,-13,-1
0,-2,1,16,-1
-7,5,3,-18,-1
-15,1,12,-24,-1
-1,14,5,-19,-1
3,1,14,24,-1
2,-13,1,19,-1
6,5,8,28,-1
5,-15,-3,20,-1
1,5,12,20,-1
23,0,14,30,-1
15,-3,4,19,-1
0,-16,-2,9,-1
-2,7,4,-19,-1
13,-5,-20,28,-1
0,24,-8,-12,-1
16,6,-16,33,-1
-18,-14,-1,-16,-1
0,-6,13,19,-1
0,20,-3,-15,-1
0,20,-5,-4,-1
32,-45,13,39,-1
28,0,12,33,-1
-12,-14,-1,-15,-1
0,23,-6,-13,-1
-1,11,5,-3,-1
-18,-7,4,-19,-1
5,2,5,16,-1
6,1,5,17,-1
29,-42,11,37,-1
-4,-1,3,-19,-1
-1,-5,15,19,-1
-19,-12,0,-17,-1
0,23,-9,-12,-1
0,24,-7,-13,-1
17,7,-20,34,-1
-2,-15,0,-2,-1
0,25,-9,-11,-1
9,0,13,24,-1
0,-8,10,19,-1
0,13,4,-18,-1
0,-8,10,19,-1
3,-15,-4,18,-1
-14,1,12,-24,-1
25,-5,-6,25,-1
10,0,4,17,-1
0,-14,0,-15,-1
-3,20,-3,-15,-1
3,4,5,16,-1
-2,-1,21,19,-1
29,0,12,33,-1
24,4,-29,35,-1
6,-2,18,20,-1
2,6,6,17,-1
30,-2,10,31,-1
22,0,13,31,-1
24,6,-32,36,-1
43,-44,20,46,-1
27,-7,5,25,-1
0,21,-6,-5,-1
0,20,-2,-15,-1
16,2,15,29,-1
32,-38,21,42,-1
-2,11,-5,-14,-1
4,5,7,18,-1
23,0,14,30,-1
22,0,13,31,-1
-8,-13,3,-19,-1
0,6,6,15,-1
3,-14,-2,-3,-1
19,1,9,27,-1
-2,-14,1,-16,-1
-19,-14,0,-17,-1
-9,-14,2,-18,-1
-3,0,22,19,-1
0,19,0,-16,-1
12,6,-6,31,-1
12,-1,4,18,-1
-2,9,4,-19,-1
2,5,16,24,-1
-4,-14,-1,-14,-1
-2,1,24,20,-1
22,-7,5,22,-1
-2,2,23,20,-1
18,1,14,30,-1
29,-4,8,29,-1
7,4,17,27,-1
-1,9,5,3,-1
-1,5,9,15,-1
-3,2,19,17,-1
2,5,15,23,-1
-12,1,12,-23,-1
1,4,19,24,-1
3,-16,-4,19,-1
-16,-14,0,-17,-1
-5,-14,1,-17,-1
-17,-5,6,-20,-1
26,-8,4,23,-1
3,-15,-2,19,-1
23,7,-36,37,-1
20,3,-31,34,-1
6,-14,-8,21,-1
25,5,-25,37,-1
-3,-15,0,-5,-1
22,-8,5,21,-1
1,17,-7,-12,-1
21,-29,25,34,-1
7,-3,16,20,-1
9,3,16,27,-1
46,-59,22,49,-1
28,-37,24,38,-1
24,0,13,32,-1
45,-48,21,47,-1
0,6,5,15,-1
-8,-1,3,2,-1
-7,13,3,-19,-1
-12,-14,1,-18,-1
-2,3,17,17,-1
15,-13,0,20,-1
3,-14,-2,-3,-1
-18,-8,3,-19,-1
2,-9,0,-14,-1
13,0,19,26,-1
0,6,10,19,-1
8,-3,18,29,-1
2,-8,0,17,-1
0,6,11,20,-1
-1,11,4,-19,-1
27,-6,6,26,-1
3,-14,-2,19,-1
0,6,10,18,-1
-7,-10,3,-19,-1
-5,-2,-1,-16,-1
-3,2,21,18,-1
-7,-3,8,-20,-1
-7,-10,1,-18,-1
2,-13,1,19,-1
-4,0,4,-19,-1
-1,11,5,-4,-1
-1,14,4,-19,-1
34,-13,14,37,-1
-3,1,25,19,-1
-14,-14,0,-17,-1
15,-9,2,25,-1
0,3,20,23,-1
-1,2,23,21,-1
3,-1,20,19,-1
25,-10,2,21,-1
3,-1,11,24,-1
13,-5,-19,27,-1
-19,-11,1,-18,-1
-12,7,9,-22,-1
25,0,14,31,-1
-2,-14,1,-16,-1
16,6,-18,33,-1
-5,-14,2,-17,-1
15,2,15,29,-1
21,-11,1,21,-1
2,4,5,16,-1
1,7,0,17,-1
-11,-5,8,-22,-1
-3,1,24,18,-1
-12,-2,1,-17,-1
2,-13,1,19,-1
30,-1,11,32,-1
-1,5,10,15,-1
3,-15,-2,19,-1
2,7,0,17,-1
-12,-4,9,-22,-1
-9,-2,2,0,-1
0,7,5,14,-1
2,-12,0,-14,-1
-12,-14,1,-18,-1
28,0,13,32,-1
-8,11,4,-20,-1
-1,13,5,-12,-1
11,0,19,25,-1
25,-10,2,21,-1
0,3,21,22,-1
16,-6,10,21,-1
-9,-11,5,-20,-1
-5,10,8,-21,-1
29,-4,8,29,-1
24,6,-34,36,-1
3,-3,9,23,-1
-9,-14,-1,-15,-1
5,7,-5,21,-1
3,-9,2,21,-1
-5,11,7,-20,-1
-14,3,13,-24,-1
0,17,-7,-13,-1
21,1,14,31,-1
14,-2,10,23,-1
-14,3,13,-24,-1
0,2,3,15,-1
19,-6,3,20,-1
0,1,2,-16,-1
-3,1,24,18,-1
-11,5,11,-23,-1
-2,4,14,16,-1
-6,-8,3,-19,-1
5,2,5,16,-1
21,-11,1,21,-1
0,1,2,-16,-1
2,4,19,25,-1
1,5,14,22,-1
-4,0,-1,-16,-1
-9,-10,5,-20,-1
-3,2,22,18,-1
0,18,-7,-13,-1
-6,-14,2,-18,-1
-10,-1,10,-22,-1
-2,13,5,-19,-1
4,0,22,22,-1
-8,-1,3,2,-1
3,-15,-2,-2,-1
-3,11,4,-18,-1
12,3,8,23,-1
37,-23,16,40,-1
20,4,-31,35,-1
-3,6,-3,-15,-1
16,-29,3,28,-1
19,-5,7,23,-1
-1,13,5,-12,-1
-2,-8,3,-17,-1
2,-11,-2,18,-1
2,-1,21,19,-1
13,-14,-1,20,-1
5,3,16,25,-1
-1,10,5,-1,-1
-9,-11,5,-20,-1
23,-8,3,21,-1
1,-11,4,19,-1
-10,-8,7,-21,-1
1,0,21,19,-1
33,-27,10,31,-1
-1,8,5,8,-1
10,3,16,28,-1
-5,11,7,-20,-1
10,3,16,28,-1
-13,1,13,-24,-1
-4,17,-1,-16,-1
-5,11,7,-20,-1
23,-5,7,29,-1
-1,8,5,8,-1
12,-18,25,28,-1
20,-6,6,22,-1
3,-15,-3,5,-1
0,20,-5,-4,-1
-4,-14,1,-17,-1
25,0,13,32,-1
-11,5,12,-23,-1
0,23,-6,-13,-1
-19,-10,1,-18,-1
28,0,11,32,-1
-5,11,7,-20,-1
1,11,-6,-12,-1
28,-4,8,28,-1
23,7,-35,37,-1
37,-50,16,42,-1
0,14,4,-18,-1
-3,11,4,-18,-1
-1,5,10,15,-1
-13,-14,1,-18,-1
0,6,5,15,-1
-7,0,3,4,-1
0,0,2,16,-1
2,6,6,16,-1
30,-2,10,32,-1
0,5,3,-17,-1
30,0,7,34,-1
26,-9,3,22,-1
-15,0,11,-23,-1
0,-11,1,-15,-1
1,16,-7,-12,-1
-9,-1,3,1,-1
24,7,-33,37,-1
-8,-13,4,-19,-1
-1,14,5,-19,-1
33,-40,22,42,-1
8,5,4,29,-1
-1,13,5,-12,-1
5,5,10,27,-1
2,-14,0,-14,-1
1,16,-7,-12,-1
3,-16,-3,19,-1
17,2,9,26,-1
-1,11,4,-19,-1
30,0,12,33,-1
16,-3,4,19,-1
25,-6,-5,25,-1
-13,-14,1,-18,-1
0,18,0,-16,-1
18,-4,8,23,-1
-16,0,10,-23,-1
2,-14,0,-14,-1
2,-7,0,-15,-1
-12,-14,1,-18,-1
-5,2,4,7,-1
2,-12,0,-14,-1
-6,-14,2,-18,-1
0,-16,-1,4,-1
12,-6,-18,27,-1
-5,17,0,-16,-1
2,-10,0,-14,-1
-2,4,14,16,-1
10,0,4,17,-1
3,5,17,26,-1
8,1,14,25,-1
0,2,2,-16,-1
-6,0,3,5,-1
0,19,0,-16,-1
20,-6,6,22,-1
-1,-14,0,-16,-1
-14,1,13,-24,-1
-14,3,13,-24,-1
16,6,-18,33,-1
-1,-16,-1,1,-1
-2,1,24,20,-1
31,-1,12,34,-1
3,5,16,26,-1
-16,-2,8,-22,-1
0,-14,0,-14,-1
29,1,-1,35,-1
2,2,-4,-13,-1
29,-1,11,33,-1
-17,-6,5,-20,-1
33,-26,9,31,-1
-12,-14,-1,-16,-1
-3,-7,4,-18,-1
0,13,4,-18,-1
25,0,14,31,-1
17,1,14,30,-1
0,18,0,-16,-1
0,3,20,23,-1
3,-15,-3,7,-1
-3,19,-3,-15,-1
-13,0,12,-24,-1
-5,-4,3,-19,-1
-4,-7,5,-18,-1
2,5,15,24,-1
17,-6,9,21,-1
27,3,-14,36,-1
27,-7,5,25,-1
3,-13,-3,18,-1
7,-15,-3,19,-1
25,-10,2,21,-1
2,5,15,23,-1
12,-14,-1,20,-1
19,-12,0,21,-1
1,4,19,24,-1
-15,0,11,-23,-1
0,6,6,15,-1
24,-26,20,37,-1
-8,8,9,-22,-1
15,-3,4,19,-1
21,-8,6,21,-1
-9,8,10,-22,-1
25,5,-23,36,-1
-19,-14,0,-17,-1
-1,-14,0,-16,-1
16,-3,9,23,-1
0,-14,0,-15,-1
4,4,17,25,-1
23,7,-35,37,-1
3,-4,8,23,-1
24,-10,2,21,-1
-3,3,4,-19,-1
-7,-11,3,-19,-1
-6,-14,2,-18,-1
-2,4,12,16,-1
-18,-10,2,-18,-1
-1,8,5,10,-1
-1,11,4,-19,-1
1,18,-8,-12,-1
-1,-3,17,19,-1
4,-2,19,19,-1
-11,7,9,-22,-1
2,-13,-1,-13,-1
-3,1,25,19,-1
1,-5,25,22,-1
-8,4,2,-18,-1
-14,3,13,-24,-1
-4,1,4,-19,-1
3,5,6,17,-1
-7,-14,2,-18,-1
-12,-14,1,-18,-1
0,13,4,-18,-1
-1,6,6,15,-1
6,5,7,28,-1
1,0,23,21,-1
4,4,17,26,-1
24,6,-33,36,-1
3,-3,9,23,-1
3,-15,-4,18,-1
-5,-15,1,-10,-1
-13,-1,11,-23,-1
11,0,4,18,-1
21,0,15,29,-1
2,5,16,24,-1
-1,22,-5,-14,-1
-16,-14,-1,-16,-1
4,-16,-4,19,-1
18,-7,8,21,-1
30,-1,11,33,-1
-4,-1,3,-19,-1
1,-11,3,19,-1
0,23,-6,-13,-1
1,12,-7,-12,-1
-18,-8,3,-19,-1
20,-11,1,21,-1
27,0,12,32,-1
3,-1,20,19,-1
-1,2,23,21,-1
0,3,20,23,-1
-15,1,13,-24,-1
8,3,16,27,-1
-4,2,4,8,-1
26,-8,4,23,-1
-18,-8,4,-19,-1
30,0,5,34,-1
-2,10,4,-19,-1
3,-15,-2,19,-1
-11,-5,8,-22,-1
1,-11,4,19,-1
-5,15,0,-17,-1
4,3,5,16,-1
0,-14,-1,-14,-1
14,2,15,29,-1
-2,-14,0,-16,-1
7,4,17,27,-1
-1,10,5,2,-1
-13,-14,-1,-16,-1
12,-1,4,18,-1
3,-15,-3,19,-1
-17,-4,7,-21,-1
-14,-7,1,-7,-1
-9,-11,4,-20,-1
24,-9,3,21,-1
-12,-4,9,-22,-1
14,0,18,27,-1
3,-16,-3,9,-1
19,1,14,30,-1
-16,-14,0,-17,-1
5,3,5,16,-1
3,1,14,25,-1
-1,2,23,21,-1
-9,1,2,-18,-1
26,-8,4,23,-1
-14,3,13,-24,-1
1,-5,25,22,-1
-2,4,13,16,-1
3,-14,-1,-7,-1
23,-31,24,35,-1
0,17,1,-17,-1
14,-4,-21,28,-1
0,16,-2,1,-1
0,16,2,-17,-1
16,-1,-25,31,-1
27,0,12,32,-1
-17,-3,7,-21,-1
0,22,-5,-14,-1
3,-15,-2,0,-1
-13,-1,11,-23,-1
-12,5,10,-23,-1
-1,8,5,8,-1
3,-16,-4,17,-1
-6,-14,2,-18,-1
-9,-2,2,1,-1
-14,-14,0,-17,-1
17,1,14,30,-1
10,4,8,21,-1
0,23,-6,-13,-1
0,-8,8,19,-1
14,7,-20,29,-1
0,3,20,23,-1
-8,-12,4,-19,-1
-13,-14,1,-18,-1
-13,0,11,-23,-1
-1,9,5,5,-1
-14,-14,-1,-16,-1
44,-52,20,45,-1
-3,2,22,18,-1
-9,-9,6,-20,-1
-7,-14,2,-18,-1
-15,2,13,-24,-1
18,-26,25,32,-1
1,4,19,24,-1
17,0,17,28,-1
-17,-14,0,-17,-1
17,-4,8,23,-1
22,7,-32,36,-1
0,-6,12,19,-1
7,-13,-9,21,-1
-6,-8,3,-19,-1
22,-11,1,21,-1
1,-11,5,19,-1
19,-7,8,21,-1
23,0,15,30,-1
3,-16,-4,14,-1
3,-14,-1,-5,-1
1,3,20,24,-1
-19,-14,-1,-16,-1
0,6,7,16,-1
30,-20,7,28,-1
8,7,-10,23,-1
8,5,4,28,-1
-6,-14,2,-18,-1
14,0,18,27,-1
-15,-14,0,-17,-1
-14,1,12,-24,-1
13,0,18,26,-1
-7,-11,1,-18,-1
3,4,17,25,-1
-4,-15,0,-7,-1
-17,-14,0,-17,-1
-5,-15,1,-9,-1
7,-1,18,28,-1
16,2,9,25,-1
0,2,22,22,-1
4,7,-4,20,-1
-1,8,5,9,-1
26,-29,21,38,-1
39,-39,14,38,-1
-17,-7,5,-20,-1
30,-1,11,33,-1
-2,1,24,20,-1
-3,-15,0,-3,-1
29,0,3,34,-1
7,3,16,27,-1
-7,-14,2,-18,-1
-18,-10,2,-18,-1
-3,-15,0,-6,-1
-17,-5,6,-21,-1
7,-3,17,20,-1
-3,0,23,19,-1
13,-4,-20,28,-1
16,2,15,29,-1
24,7,-34,37,-1
30,-1,11,33,-1
-3,3,-2,-15,-1
-6,15,0,-17,-1
-2,-1,21,19,-1
0,3,4,15,-1
2,4,18,25,-1
18,1,14,30,-1
20,-6,6,22,-1
-14,2,13,-24,-1
-1,-3,17,19,-1
-8,-12,4,-19,-1
27,-6,6,26,-1
-10,9,7,-21,-1
26,-3,9,31,-1
3,-3,9,23,-1
-9,-11,5,-20,-1
24,0,-21,31,-1
-1,8,5,6,-1
30,-2,10,32,-1
21,-11,1,21,-1
8,1,14,25,-1
0,-14,0,-15,-1
0,2,2,-16,-1
-3,1,24,18,-1
1,5,13,21,-1
0,25,-9,-12,-1
-14,2,13,-24,-1
0,-11,1,-15,-1
14,0,18,26,-1
0,11,2,8,-1
43,-49,19,44,-1
41,-44,16,40,-1
-3,1,25,19,-1
3,-16,-3,19,-1
-1,9,5,3,-1
3,-15,-4,18,-1
0,0,3,16,-1
-2,3,18,17,-1
0,6,9,18,-1
-4,-14,-1,-14,-1
2,7,0,18,-1
0,24,-8,-12,-1
2,-6,25,22,-1
-9,-10,5,-20,-1
-1,5,11,16,-1
-4,-14,1,-17,-1
2,-14,0,-14,-1
3,4,17,25,-1
3,-1,11,24,-1
17,-6,9,21,-1
-5,17,0,-16,-1
-1,14,5,-18,-1
26,5,-21,36,-1
33,-46,14,40,-1
23,-9,4,21,-1
18,1,14,30,-1
-2,2,23,20,-1
1,-10,5,19,-1
25,-7,-3,24,-1
3,-15,-4,18,-1
-5,-14,2,-18,-1
40,-42,16,40,-1
0,-3,25,21,-1
2,-14,0,-14,-1
-19,-12,0,-17,-1
26,-3,9,31,-1
-52,16,7,-39,1
8,2,-5,15,1
-2,11,-20,20,1
4,32,-19,-22,1
2,5,-1,18,1
5,7,-8,12,1
7,5,-7,5,1
5,-1,-3,14,1
-5,5,-6,-8,1
8,-2,7,13,1
15,-8,0,31,1
0,-24,6,-9,1
-20,-14,-28,-42,1
1,7,-12,2,1
4,30,-19,-24,1
-26,27,23,-35,1
7,7,-6,17,1
6,-9,2,17,1
-9,0,1,-7,1
-36,9,-15,-39,1
-4,3,-9,20,1
7,0,-3,13,1
-38,36,27,-56,1
-1,6,-18,-5,1
5,5,1,18,1
-3,5,-8,-5,1
7,8,-5,19,1
5,2,-3,16,1
1,7,-11,3,1
-30,-28,-52,-63,1
-7,15,-22,24,1
-15,19,4,-23,1
5,4,-4,18,1
-9,17,-32,21,1
-39,34,25,-54,1
6,1,-6,10,1
-5,5,0,2,1
-6,39,-10,-41,1
2,29,-20,-24,1
-41,-7,-24,-52,1
3,2,8,17,1
-13,1,-41,-51,1
10,-9,2,30,1
-1,1,0,19,1
-4,1,-8,19,1
-3,18,-40,-38,1
0,38,-22,-36,1
8,5,-5,17,1
5,24,-15,-9,1
0,15,-15,-8,1
-9,13,16,-6,1
-10,3,0,-15,1
0,8,0,21,1
0,1,-7,7,1
7,-6,27,13,1
3,38,-23,-34,1
-7,13,-5,-22,1
9,-1,-3,16,1
1,7,-11,4,1
1,4,0,21,1
0,-50,14,-43,1
1,33,-29,-36,1
0,-2,4,17,1
2,0,-1,17,1
12,-12,1,27,1
9,-1,-3,17,1
-11,14,17,-8,1
-3,4,-28,-15,1
-9,4,-49,-29,1
1,4,5,19,1
0,-7,0,17,1
7,7,-5,18,1
0,7,-10,4,1
-1,-4,0,16,1
7,-11,0,17,1
-28,24,18,-42,1
9,4,-4,22,1
6,-12,0,17,1
-18,-14,-54,-52,1
-8,4,1,-4,1
-9,18,-29,25,1
-46,25,16,-47,1
2,5,-1,19,1
-38,10,4,-31,1
1,0,8,17,1
10,-4,7,27,1
16,-10,2,34,1
7,-12,0,17,1
-10,2,-18,-26,1
5,-1,-3,13,1
6,-11,0,17,1
-27,-28,-55,-64,1
6,-12,0,17,1
6,1,-4,14,1
8,3,-5,15,1
3,37,-25,-36,1
-46,25,16,-47,1
-42,31,22,-51,1
-9,11,-40,-3,1
2,35,-27,-36,1
4,-4,0,18,1
-46,24,15,-46,1
10,3,-4,22,1
3,1,10,17,1
-9,1,-39,-35,1
1,5,5,19,1
0,10,-14,-3,1
-8,34,-17,-36,1
-19,-15,-55,-53,1
-8,3,-51,-40,1
0,7,0,21,1
-12,1,-48,-40,1
1,-50,15,-44,1
7,-8,1,26,1
0,8,0,21,1
5,-5,23,14,1
3,-5,16,14,1
-6,15,-25,17,1
-1,-5,2,16,1
-1,-2,0,17,1
-14,-8,-54,-48,1
-21,10,-5,-16,1
6,-10,1,17,1
-4,-31,9,-36,1
5,0,2,14,1
3,5,-12,16,1
0,-2,4,17,1
17,-12,2,36,1
-9,17,-28,25,1
-9,1,-46,-38,1
-3,-3,1,12,1
-5,13,-22,13,1
8,5,-5,17,1
6,0,1,14,1
5,-7,0,18,1
-3,-33,10,-37,1
0,7,-2,17,1
4,-3,6,17,1
3,2,9,17,1
-6,14,-6,-23,1
3,4,-2,18,1
-4,5,-7,-7,1
0,8,0,21,1
-5,9,14,1,1
8,-5,30,13,1
-5,-23,8,-31,1
-8,4,-2,-12,1
7,2,-4,18,1
15,-9,1,32,1
7,-12,4,16,1
-1,8,-11,-2,1
5,-5,23,13,1
5,2,-8,14,1
-47,14,4,-35,1
-9,18,-29,24,1
1,-47,13,-39,1
3,2,10,17,1
-3,-1,-3,18,1
7,-5,29,13,1
13,-8,5,32,1
7,0,-3,13,1
-23,-22,-55,-58,1
7,0,-3,13,1
2,3,10,19,1
8,-5,26,13,1
3,1,8,16,1
0,-4,0,16,1
7,7,-5,18,1
7,7,-4,18,1
4,38,-23,-34,1
15,-12,2,32,1
7,-5,30,13,1
1,-7,0,17,1
3,7,-9,9,1
10,3,-4,22,1
4,-1,-2,14,1
5,8,-4,19,1
-8,16,-27,21,1
-9,3,-1,-13,1
6,-9,2,17,1
-7,16,-27,24,1
0,6,2,21,1
-42,19,0,-38,1
-1,0,-5,8,1
5,-9,0,17,1
7,-11,0,17,1
-21,5,-35,-40,1
4,0,17,15,1
0,-5,1,19,1
-28,30,18,-43,1
4,-4,6,17,1
6,0,-4,10,1
5,2,-7,8,1
8,3,-5,15,1
-32,38,22,-54,1
2,-40,19,-31,1
6,16,-12,-7,1
-4,1,-8,19,1
3,1,9,16,1
8,4,-5,16,1
3,-2,-2,14,1
5,-5,5,17,1
5,2,-7,8,1
6,-13,28,3,1
0,-7,0,17,1
7,-1,-4,13,1
-45,12,-3,-39,1
-9,3,1,-11,1
-1,-1,0,18,1
7,-6,27,13,1
0,7,-10,5,1
0,7,0,21,1
1,4,0,21,1
3,1,8,16,1
5,-9,2,17,1
3,38,-22,-35,1
0,7,0,20,1
-8,-13,5,-26,1
6,-12,0,17,1
-8,14,-3,-13,1
-4,20,-10,-26,1
-9,-9,4,-24,1
2,-2,-1,15,1
7,-10,11,15,1
-3,0,-5,18,1
2,0,0,19,1
-1,-4,0,16,1
0,6,0,21,1
-38,-14,-33,-55,1
-5,-25,8,-33,1
17,-11,3,37,1
3,7,-9,9,1
7,8,-6,19,1
4,1,6,15,1
4,-5,19,14,1
-11,16,0,-17,1
5,0,9,20,1
0,1,-7,7,1
-22,-21,-55,-58,1
-1,-4,1,17,1
-17,-8,-17,-33,1
-33,33,26,-48,1
7,0,-4,13,1
-5,5,-5,-8,1
6,0,-1,13,1
0,30,-31,-37,1
9,5,-4,21,1
-31,-27,-51,-63,1
-5,12,-44,-39,1
-5,16,-24,24,1
-21,5,2,-23,1
-7,39,-9,-41,1
0,-52,14,-47,1
3,-2,0,19,1
-50,18,9,-41,1
5,2,-8,14,1
7,-12,3,16,1
2,-2,-1,15,1
-3,23,-12,-28,1
-1,-1,0,18,1
-16,-6,-14,-31,1
5,8,-3,20,1
0,7,-9,5,1
4,8,-3,20,1
-10,3,1,-14,1
6,16,-10,5,1
-11,2,1,-17,1
6,19,-12,0,1
-1,-2,0,17,1
-40,13,1,-29,1
4,-3,6,17,1
-1,-4,1,17,1
7,15,-10,6,1
-41,13,1,-30,1
6,5,-4,18,1
-1,-11,2,8,1
2,0,-2,17,1
-7,17,-27,25,1
0,30,-28,-40,1
0,13,-15,-6,1
6,-12,0,17,1
6,-16,1,11,1
-11,-3,-53,-44,1
17,-11,2,36,1
16,-10,2,35,1
-23,18,13,-34,1
-45,27,18,-48,1
1,4,5,19,1
-17,-40,-28,-58,1
-10,1,-29,-31,1
3,2,-2,18,1
7,-5,30,13,1
7,-7,22,14,1
7,-2,-3,18,1
4,0,16,15,1
-1,-43,12,-42,1
7,-5,-2,14,1
2,8,-1,21,1
3,2,-2,18,1
2,2,10,17,1
-46,25,16,-47,1
4,-6,0,18,1
-14,3,2,-19,1
-33,34,23,-49,1
-21,15,11,-31,1
7,-11,0,17,1
-7,0,1,-2,1
-6,-1,1,1,1
-36,22,-2,-38,1
0,-1,5,17,1
1,-46,12,-37,1
13,-7,5,31,1
8,3,-5,15,1
13,-7,5,31,1
-1,9,-3,22,1
-3,11,-19,9,1
5,1,3,15,1
7,-5,29,13,1
10,-5,6,27,1
-13,-6,-53,-46,1
2,8,-1,21,1
-2,26,-30,-41,1
2,-41,19,-32,1
0,7,-2,18,1
-49,13,0,-39,1
6,8,-5,19,1
-2,1,-1,-2,1
5,8,-4,19,1
-49,21,12,-43,1
-6,5,1,0,1
-11,3,1,-18,1
6,-4,26,13,1
-8,17,-28,24,1
0,2,0,19,1
2,-8,0,17,1
-2,21,-37,-38,1
2,3,7,18,1
-7,2,4,-8,1
7,7,-6,17,1
-6,8,-17,22,1
6,8,-5,19,1
8,2,-5,14,1
0,26,-34,-37,1
5,-1,21,15,1
-27,7,3,-25,1
3,32,-21,-28,1
13,-6,0,26,1
2,2,9,17,1
-10,1,1,-13,1
-9,7,-44,-15,1
0,2,9,10,1
8,0,-3,13,1
5,25,-15,-11,1
-6,4,-5,-9,1
9,-3,7,25,1
7,8,-5,19,1
-15,7,5,-23,1
1,33,-28,-36,1
5,-2,22,14,1
7,-9,16,14,1
0,7,-2,17,1
-10,2,-19,-27,1
-4,6,0,8,1
6,-12,0,17,1
7,-4,28,13,1
6,1,-3,15,1
-5,14,-23,15,1
4,1,5,15,1
17,-11,2,37,1
2,36,-26,-36,1
0,27,-33,-37,1
2,35,-27,-36,1
4,8,-3,20,1
3,-2,-2,14,1
5,-2,23,15,1
-1,-1,0,18,1
-9,3,-1,-13,1
-19,29,-11,-37,1
7,-10,-1,16,1
8,-5,27,13,1
0,-49,13,-44,1
2,-2,-1,15,1
-6,12,-5,-9,1
1,7,-12,2,1
-15,-41,-23,-57,1
-5,9,14,1,1
8,0,-3,13,1
0,-1,0,17,1
1,5,4,20,1
-8,3,-51,-40,1
5,-7,3,17,1
-1,-3,0,15,1
7,7,-5,18,1
2,5,-1,18,1
-19,5,2,-21,1
0,6,2,20,1
0,-11,-4,-14,1
2,-40,10,-28,1
0,6,-12,0,1
5,-1,20,16,1
8,5,-5,17,1
7,0,-3,13,1
7,-12,0,16,1
-24,-21,-52,-61,1
10,-12,0,22,1
8,7,-5,18,1
-12,2,1,-18,1
-4,3,-33,-20,1
0,-4,0,16,1
5,1,-7,9,1
7,-2,-3,18,1
0,-25,6,-10,1
-34,33,25,-51,1
7,0,-5,12,1
4,-5,0,18,1
3,-5,17,14,1
4,0,17,15,1
6,-3,24,14,1
8,5,-5,17,1
5,2,-3,16,1
8,0,-5,13,1
-48,21,12,-44,1
0,13,-18,22,1
-9,11,-37,-47,1
-13,18,2,-20,1
2,-9,0,17,1
-5,5,-6,-7,1
2,7,-10,6,1
-2,10,-7,22,1
-14,-7,-54,-47,1
6,6,-5,18,1
16,-8,1,34,1
4,8,-3,20,1
0,6,-15,-2,1
1,-8,0,17,1
-34,33,25,-52,1
6,18,-14,-10,1
-33,34,24,-50,1
6,-3,24,14,1
0,6,-12,0,1
3,2,-2,18,1
1,2,0,20,1
0,7,-12,0,1
7,0,-4,13,1
2,0,-2,17,1
2,7,-11,4,1
-1,9,-5,22,1
5,7,-7,13,1
-5,-2,1,6,1
-11,2,-3,-20,1
5,2,-7,8,1
6,6,-1,18,1
4,0,17,15,1
-30,27,20,-45,1
1,2,0,20,1
-10,2,-18,-26,1
-11,3,1,-14,1
-41,-7,-24,-52,1
0,3,0,20,1
-5,2,0,-7,1
6,20,-13,-2,1
0,-37,10,-27,1
1,3,0,20,1
2,2,10,17,1
4,-5,0,18,1
-19,5,2,-22,1
0,6,3,20,1
4,8,-3,20,1
2,2,10,17,1
-39,10,-11,-39,1
3,39,-24,-36,1
7,-7,-2,15,1
-29,-30,-54,-65,1
-2,-4,1,15,1
1,0,8,17,1
-18,3,-40,-40,1
1,6,-1,19,1
5,-1,-3,13,1
4,2,-8,8,1
-9,18,-29,25,1
3,-2,0,19,1
-1,-4,0,16,1
-39,36,27,-55,1
7,0,-4,13,1
0,-42,11,-33,1
5,5,-4,18,1
8,-1,3,13,1
2,5,-1,19,1
0,5,0,21,1
4,2,-8,7,1
14,-4,0,31,1
-25,-26,-56,-61,1
3,8,-2,20,1
7,3,-6,8,1
-2,-4,1,14,1
-33,32,24,-50,1
8,0,-5,13,1
7,0,-4,13,1
-4,7,-11,-3,1
0,6,-12,0,1
0,2,9,11,1
-6,8,-16,21,1
-7,16,-22,24,1
5,0,-4,9,1
-33,-22,-44,-60,1
7,2,-6,10,1
3,33,-21,-28,1
0,-23,6,-8,1
-41,13,1,-30,1
7,-9,14,15,1
2,6,-13,17,1
6,1,-4,14,1
4,-5,5,17,1
-45,25,16,-47,1
3,37,-26,-36,1
-9,3,0,-14,1
2,8,-2,20,1
5,-6,4,17,1
4,8,-3,20,1
-2,19,-38,-38,1
-47,14,3,-34,1
-34,9,-18,-39,1
13,-12,1,28,1
0,-7,0,17,1
7,-10,0,16,1
5,-6,5,17,1
0,8,0,21,1
8,-4,22,13,1
7,-7,25,13,1
0,6,0,21,1
2,7,-10,6,1
0,31,-18,-31,1
6,-4,26,13,1
7,-11,0,17,1
0,7,-12,0,1
0,5,-11,1,1
3,34,-22,-29,1
-30,11,-2,-22,1
-25,10,-3,-19,1
-1,6,-10,-2,1
-5,14,-17,24,1
6,-3,24,14,1
-25,-25,-56,-61,1
-9,18,-30,25,1
12,-12,1,28,1
4,-10,0,17,1
8,6,-5,17,1
6,0,-4,13,1
-2,-2,-2,18,1
4,3,6,17,1
5,-5,24,13,1
-1,-3,2,17,1
-11,2,-8,-22,1
5,4,3,17,1
-17,20,20,-20,1
-9,1,1,-10,1
-48,14,4,-35,1
-20,29,-11,-37,1
3,1,9,16,1
8,3,-5,15,1
-1,-5,2,16,1
-12,1,0,-20,1
-9,1,-39,-35,1
5,-7,1,24,1
3,-2,-2,14,1
6,-10,0,17,1
-7,15,-26,18,1
-29,-31,-56,-65,1
7,0,-2,13,1
-23,25,22,-31,1
1,-3,0,15,1
0,2,9,9,1
-8,4,-2,-12,1
5,30,-18,-19,1
-1,22,-37,-38,1
0,6,-12,1,1
6,-11,1,17,1
0,7,0,20,1
2,1,10,17,1
-51,18,9,-41,1
-33,-23,-46,-61,1
3,2,10,17,1
3,2,-3,18,1
7,0,-4,13,1
-9,1,-43,-36,1
-1,-4,0,17,1
0,2,9,10,1
-9,1,-48,-39,1
5,-2,22,14,1
8,-1,6,13,1
8,6,-5,17,1
0,7,-12,1,1
10,3,-3,23,1
4,-3,6,17,1
0,6,-13,0,1
-43,30,21,-50,1
-27,-29,-56,-64,1
5,1,-7,9,1
-4,2,6,0,1
-34,-21,-43,-60,1
-9,3,-1,-14,1
2,-43,18,-35,1
-8,2,4,-8,1
-10,-2,-53,-43,1
7,-5,-3,14,1
-20,38,6,-48,1
3,-2,0,19,1
4,1,6,15,1
0,7,-1,19,1
-50,18,9,-41,1
-30,-29,-53,-64,1
8,-5,30,13,1
0,-4,0,16,1
5,2,-3,16,1
-10,15,-1,-15,1
1,5,6,20,1
3,-1,8,17,1
4,1,6,15,1
-5,13,-22,13,1
-9,18,-29,24,1
2,0,0,20,1
7,0,-4,13,1
-4,15,-42,-39,1
-2,5,-22,-10,1
5,0,2,14,1
-26,-27,-49,-59,1
0,0,6,17,1
0,-2,3,17,1
2,2,10,17,1
-4,5,-7,-6,1
-9,8,-1,-20,1
4,1,5,15,1
-36,10,4,-30,1
5,0,-4,9,1
0,-4,-7,-8,1
8,-1,5,13,1
4,-11,0,17,1
-13,0,-3,-22,1
1,6,0,20,1
-21,-19,-55,-56,1
-9,18,-30,25,1
-16,31,-13,-37,1
-9,5,-46,-22,1
-29,11,-2,-21,1
-3,15,-22,23,1
-9,3,0,-14,1
1,5,4,20,1
-3,-4,1,12,1
7,8,-7,19,1
0,5,0,21,1
6,0,0,14,1
2,3,10,18,1
14,-7,0,29,1
0,-51,14,-47,1
8,2,-5,14,1
0,7,0,21,1
11,0,-2,25,1
0,-1,5,17,1
7,-1,-3,18,1
-6,8,-47,-40,1
1,8,-1,21,1
5,-23,3,0,1
-7,17,-27,24,1
8,-12,0,19,1
0,3,-9,4,1
7,8,-6,18,1
-6,14,-19,24,1
-9,3,0,-14,1
-6,15,-20,24,1
5,1,3,15,1
-10,-1,-53,-42,1
1,4,6,19,1
8,3,-5,15,1
-2,5,-23,-10,1
-51,14,4,-39,1
-4,12,-21,11,1
-9,1,-50,-39,1
7,-3,-3,14,1
-35,36,26,-53,1
7,6,-5,18,1
4,3,5,17,1
4,-32,7,-15,1
-2,14,-19,22,1
-9,1,-45,-37,1
4,-2,7,17,1
-9,7,-1,-20,1
6,0,-4,10,1
7,-12,0,16,1
-4,5,-6,-7,1
6,16,-11,3,1
-10,2,-18,-26,1
-10,2,2,-15,1
-25,-24,-44,-55,1
2,8,-1,21,1
4,3,-9,15,1
-28,11,-2,-20,1
5,0,2,14,1
0,7,0,19,1
1,-5,11,15,1
7,7,-6,17,1
-32,8,-20,-39,1
-10,3,1,-12,1
6,-11,0,17,1
-26,26,-7,-37,1
-12,-4,-53,-45,1
5,8,-4,19,1
-8,1,-50,-38,1
13,-6,0,26,1
-1,-3,0,17,1
8,0,-4,14,1
6,-15,1,12,1
2,35,-27,-36,1
-21,-19,-55,-56,1
-28,-32,-54,-65,1
-1,-3,2,17,1
-1,0,0,18,1
0,-22,6,-6,1
7,-3,-3,14,1
3,-35,8,-20,1
5,7,-8,13,1
3,38,-25,-36,1
7,-12,0,16,1
-42,31,22,-51,1
-4,3,-33,-21,1
0,7,0,21,1
7,0,-4,13,1
-22,25,11,-33,1
6,-5,27,13,1
-18,22,7,-27,1
3,1,10,16,1
-22,25,11,-33,1
-41,32,23,-53,1
2,-9,0,17,1
0,7,-12,0,1
6,0,-3,13,1
8,-12,0,20,1
4,1,5,15,1
1,-51,15,-45,1
4,31,-20,-25,1
-13,0,-2,-21,1
2,8,-2,20,1
7,7,-6,17,1
6,0,0,14,1
-9,0,1,-7,1
5,-1,-3,14,1
0,7,-12,0,1
7,-12,4,16,1
-3,1,0,-5,1
2,2,10,16,1
4,0,17,15,1
2,8,-1,21,1
7,-12,0,17,1
8,0,-5,13,1
-13,18,2,-20,1
2,2,9,17,1
1,-5,12,15,1
1,6,0,20,1
6,6,-5,18,1
8,1,-5,13,1
6,6,-5,18,1
4,3,-2,17,1
-36,36,27,-54,1
-11,3,1,-14,1
-3,6,0,8,1
-4,13,-43,-39,1
1,0,-1,17,1
1,5,-11,2,1
-1,10,-5,22,1
1,8,-1,21,1
7,-9,14,15,1
0,6,-14,-1,1
0,-6,0,17,1
-52,16,7,-40,1
6,-10,2,17,1
-6,-21,7,-30,1
-4,5,-7,-6,1
7,7,-5,18,1
0,-3,3,17,1
5,24,-16,-16,1
0,7,0,21,1
7,-9,14,15,1
-5,5,0,2,1
2,3,8,18,1
7,-9,-1,15,1
-1,-4,0,17,1
-9,18,-29,25,1
-6,-1,1,2,1
2,5,-1,18,1
0,4,-11,-2,1
0,10,-14,-3,1
-42,31,22,-51,1
0,2,9,10,1
7,-8,-1,15,1
15,-11,2,35,1
-3,0,-6,19,1
-32,30,23,-48,1
-4,13,-43,-39,1
7,6,-2,18,1
-10,2,-23,-28,1
7,-12,4,16,1
-29,38,17,-52,1
4,-28,5,-8,1
3,1,9,16,1
-9,-45,-10,-54,1
-1,-1,0,18,1
1,4,6,19,1
5,-9,2,17,1
7,0,-4,13,1
7,-10,0,17,1
1,12,-15,21,1
-1,-4,0,15,1
-22,-36,-42,-62,1
-1,-1,-2,12,1
-7,6,-49,-40,1
4,3,-8,6,1
6,6,0,18,1
-9,-7,4,-23,1
2,3,8,18,1
5,30,-18,-19,1
7,-12,0,16,1
2,37,-25,-37,1
-9,17,-32,20,1
4,0,15,16,1
-8,17,-28,24,1
3,4,-2,17,1
-9,2,1,-14,1
-9,0,-53,-41,1
4,4,4,17,1
0,4,-11,-1,1
3,0,9,17,1
5,-8,3,17,1
2,36,-26,-36,1
5,-1,-3,14,1
0,7,-8,7,1
0,7,-3,16,1
0,6,2,21,1
-5,3,-37,-25,1
7,-4,-2,17,1
-1,-4,0,17,1
2,5,-1,19,1
-6,8,-16,21,1
0,-5,0,17,1
-5,2,6,-2,1
-2,39,-16,-39,1
-19,-11,-22,-38,1
0,-49,13,-42,1
-9,2,3,-11,1
-25,26,-8,-37,1
6,0,0,14,1
-3,-32,10,-37,1
-4,13,-14,23,1
-1,0,0,19,1
-20,5,2,-22,1
5,-1,20,16,1
6,7,-7,15,1
3,-37,20,-27,1
1,-50,15,-44,1
-42,-5,-22,-51,1
3,8,-2,20,1
-2,9,-10,-3,1
-23,-22,-55,-59,1
1,34,-26,-38,1
7,7,-6,17,1
5,-7,4,17,1
4,-28,23,-15,1
5,-1,19,15,1
-12,3,2,-18,1
6,7,-7,14,1
0,-46,12,-42,1
1,3,0,20,1
-43,13,2,-32,1
-34,9,4,-29,1
0,-6,0,17,1
-4,2,-8,19,1
5,-12,0,17,1
1,0,8,17,1
2,36,-26,-36,1
5,28,-18,-21,1
6,6,0,18,1
-42,30,21,-51,1
0,-39,11,-29,1
-44,12,-4,-39,1
0,-1,5,17,1
4,-10,0,17,1
2,7,-11,5,1
-9,18,-28,25,1
-15,-10,-54,-49,1
5,-8,0,18,1
-6,4,-5,-9,1
-37,12,0,-27,1
0,-3,3,17,1
7,8,-5,19,1
-10,6,0,-19,1
5,0,1,14,1
-5,-27,8,-34,1
0,7,-2,18,1
6,0,0,14,1
4,34,-20,-25,1
7,-11,5,16,1
9,-8,2,28,1
-8,16,-27,21,1
4,1,6,15,1
-38,12,0,-28,1
-1,1,-1,-1,1
7,-7,23,13,1
7,-10,0,17,1
6,-10,0,17,1
9,-3,7,25,1
7,-3,-3,14,1
-15,-9,-54,-49,1
6,-12,0,17,1
-10,1,1,-13,1
-1,-4,0,16,1
0,-23,1,-24,1
-39,-10,-28,-53,1
0,6,-12,0,1
8,2,-5,14,1
4,7,-9,10,1
-9,3,-1,-14,1
1,-47,16,-41,1
-3,-31,10,-36,1
-16,3,-43,-40,1
7,5,-7,6,1
1,0,-1,17,1
5,-8,2,17,1
-8,17,-28,23,1
0,7,-5,12,1
6,18,-11,0,1
8,-4,23,13,1
-2,-50,6,-50,1
-23,-36,-42,-62,1
2,4,-10,4,1
0,3,0,20,1
5,-7,3,17,1
2,8,-1,21,1
16,-10,3,35,1
-40,34,25,-54,1
-31,8,3,-27,1
-9,9,-42,-9,1
7,7,-5,18,1
2,4,8,19,1
7,0,-3,13,1
-2,5,-22,-9,1
-10,3,0,-16,1
-9,18,-30,25,1
4,-4,6,17,1
7,7,-5,18,1
16,-8,1,34,1
-22,-21,-55,-57,1
3,1,8,16,1
-7,13,-5,-22,1
2,-8,0,17,1
2,3,9,19,1
-22,-36,-42,-62,1
-41,32,23,-52,1
-9,18,-31,25,1
2,0,0,20,1
7,-2,-2,17,1
7,-12,0,16,1
7,-5,30,13,1
2,0,-3,4,1
2,35,-27,-36,1
7,7,-4,18,1
1,5,4,19,1
-9,3,-1,-14,1
3,-3,0,19,1
-24,5,-32,-40,1
0,4,0,20,1
-34,9,4,-29,1
-9,1,-37,-34,1
0,25,-34,-37,1
7,-4,27,13,1
5,0,-4,9,1
7,0,-4,13,1
0,5,0,21,1
5,-6,4,17,1
8,5,-5,17,1
1,0,8,17,1
-9,10,-41,-6,1
-12,3,-40,-51,1
-10,3,0,-16,1
-16,-3,-44,-54,1
4,32,-19,-22,1
17,-11,2,37,1
-3,-32,10,-37,1
2,36,-21,-34,1
15,-8,0,31,1
3,1,9,16,1
2,36,-21,-34,1
-9,3,1,-10,1
-12,3,2,-18,1
7,-6,30,13,1
-16,30,-13,-37,1
3,35,-22,-30,1
7,-1,-4,13,1
2,36,-21,-34,1
6,-12,0,17,1
6,5,0,18,1
-28,-32,-56,-65,1
0,8,0,21,1
3,-2,0,19,1
-14,-7,-54,-47,1
0,6,2,20,1
6,-15,1,12,1
4,7,-9,9,1
4,3,-3,18,1
-47,5,-7,-44,1
-7,-14,6,-27,1
0,0,-9,-5,1
7,-3,-3,14,1
8,1,-5,14,1
0,9,-13,-2,1
0,5,0,21,1
4,-2,8,17,1
-31,8,3,-28,1
5,4,3,17,1
8,-5,30,13,1
0,-5,7,16,1
-4,1,0,-6,1
0,0,6,17,1
6,1,-6,10,1
5,27,-17,-15,1
6,-12,0,17,1
2,0,9,17,1
-11,0,2,-19,1
-1,-4,0,17,1
0,3,0,20,1
-5,-24,8,-32,1
4,-5,5,17,1
-1,-4,0,17,1
0,9,-17,19,1
3,4,-9,4,1
6,-12,0,17,1
-31,38,20,-53,1
5,25,-17,-18,1
4,0,17,16,1
7,-8,18,14,1
11,-4,-2,21,1
6,0,-1,13,1
13,-10,2,33,1
-48,21,12,-43,1
6,23,-14,-8,1
4,-4,6,17,1
7,6,-3,18,1
7,-4,27,13,1
7,-5,30,13,1
2,36,-21,-34,1
-19,-12,-24,-39,1
7,11,-7,13,1
6,-3,25,14,1
-9,1,-34,-33,1
0,-4,0,16,1
-43,29,20,-50,1
2,2,10,17,1
0,6,2,21,1
2,5,-1,19,1
-9,1,-52,-40,1
-9,16,-33,18,1
7,-9,16,14,1
3,4,-2,17,1
3,0,8,17,1
-5,-27,8,-34,1
0,10,-14,-3,1
0,6,-12,0,1
0,-3,0,17,1
2,5,-1,18,1
8,7,-5,18,1
-1,-7,1,13,1
-3,6,0,8,1
7,-10,10,15,1
3,-3,0,19,1
6,0,-4,13,1
-2,-4,0,17,1
-8,13,-3,-12,1
8,-3,7,24,1
4,-4,0,18,1
0,-2,-8,-7,1
0,-20,0,-22,1
-2,6,-10,-3,1
-18,22,7,-27,1
-27,-29,-56,-64,1
6,-2,23,14,1
-6,8,-16,22,1
-7,6,-48,-40,1
0,7,-11,2,1
-16,18,19,-17,1
8,-5,27,13,1
-35,22,-3,-38,1
7,-11,7,15,1
-12,4,2,-19,1
-2,10,-18,7,1
0,7,-12,0,1
0,6,3,20,1
-1,-1,0,18,1
10,-12,0,23,1
5,-19,26,-5,1
2,7,-10,7,1
17,-11,3,37,1
0,-10,-4,-14,1
-9,18,-30,25,1
1,5,4,20,1
-8,17,-28,21,1
4,8,-3,20,1
-4,12,-21,12,1
-9,18,-30,25,1
1,5,3,20,1
0,2,0,20,1
6,0,-4,13,1
2,35,-27,-36,1
2,-8,0,17,1
-19,12,9,-28,1
4,-10,0,17,1
4,-5,0,18,1
0,32,-18,-32,1
3,-3,0,19,1
14,-8,0,30,1
-26,-25,-54,-63,1
-6,14,-6,-23,1
-1,2,8,6,1
-33,12,0,-24,1
-10,-1,-53,-42,1
0,7,-7,9,1
8,3,-5,15,1
2,7,-10,6,1
8,-4,19,13,1
-9,13,-37,4,1
-11,-3,-53,-44,1
-31,29,22,-47,1
7,8,-6,17,1
-6,14,-24,15,1
-3,5,-8,-4,1
3,7,-10,8,1
6,-11,1,17,1
-25,-34,-47,-63,1
2,0,-1,17,1
-47,3,-8,-45,1
8,-1,-4,15,1
0,7,-4,14,1
-27,-28,-50,-60,1
7,1,-4,18,1
2,0,0,20,1
-15,-3,-9,-27,1
1,-6,1,20,1
3,0,13,16,1
0,2,-7,7,1
-4,2,-8,19,1
-9,5,-47,-23,1
3,1,10,16,1
-9,4,-49,-29,1
-9,18,-30,25,1
7,7,-3,18,1
-15,-4,-11,-28,1
3,-35,8,-18,1
-6,5,1,0,1
-12,1,0,-20,1
3,2,9,17,1
6,-3,24,14,1
-13,-5,-53,-46,1
2,0,9,17,1
-1,-51,8,-49,1
-29,7,-25,-40,1
-18,-9,-19,-35,1
2,3,8,18,1
0,-5,6,16,1
8,-3,8,24,1
5,-5,5,17,1
-50,14,5,-37,1
6,-16,1,11,1
-5,-1,1,3,1
0,-43,12,-35,1
3,4,-1,18,1
5,8,-4,19,1
6,23,-14,-7,1
-8,-12,5,-26,1
6,16,-12,-7,1
7,-12,1,16,1
0,-49,14,-46,1
-10,2,2,-14,1
4,34,-20,-26,1
-9,13,-37,5,1
-16,-10,-54,-49,1
8,0,-5,13,1
6,10,-10,0,1
3,1,-2,18,1
0,6,-12,0,1
-6,2,0,-9,1
-3,39,-15,-39,1
2,0,-1,17,1
-1,0,0,18,1
10,-12,0,22,1
-19,9,-6,-14,1
-11,-3,-53,-44,1
3,2,-2,18,1
1,21,-17,-15,1
-11,2,-6,-21,1
3,-9,0,17,1
7,6,-5,18,1
0,-1,5,17,1
-19,-17,-55,-54,1
8,-1,2,13,1
7,0,-3,18,1
6,-12,0,17,1
0,-13,-3,-16,1
-45,25,16,-47,1
-11,2,2,-17,1
11,-6,6,29,1
0,-2,3,17,1
0,-7,0,17,1
0,4,-10,3,1
6,0,-1,13,1
-30,38,18,-53,1
1,-47,13,-39,1
-8,0,1,-7,1
-51,17,8,-41,1
-18,4,-39,-40,1
4,-10,0,17,1
6,6,-2,18,1
1,0,8,17,1
6,6,-5,18,1
2,2,9,17,1
7,-4,-3,14,1
3,7,-10,7,1
16,-10,3,35,1
2,3,8,18,1
7,-4,-2,17,1
-13,-6,-53,-46,1
3,1,-2,18,1
-30,31,25,-43,1
0,-1,0,17,1
-27,38,15,-51,1
4,8,-3,20,1
16,-11,2,36,1
1,7,-14,17,1
8,-2,8,24,1
13,-12,1,30,1
8,7,-5,18,1
0,-5,4,16,1
6,11,-10,-1,1
-7,13,-5,-23,1
-21,-37,-38,-61,1
2,7,-10,6,1
-42,13,2,-31,1
-44,18,1,-38,1
3,39,-23,-36,1
-7,4,-3,-11,1
-7,0,1,-2,1
-7,12,-21,23,1
3,7,-10,7,1
0,8,0,21,1
1,-48,16,-42,1
-51,15,5,-38,1
-17,38,2,-46,1
5,-7,1,25,1
7,8,-5,19,1
-23,6,3,-23,1
15,-12,2,33,1
1,-3,0,15,1
0,7,-13,0,1
-48,22,13,-44,1
0,7,0,20,1
0,-5,1,18,1
-25,27,-8,-37,1
-15,9,-7,-11,1
-3,-49,4,-50,1
1,-7,0,17,1
8,2,-5,14,1
8,0,-4,14,1
6,16,-10,3,1
0,5,0,20,1
-1,10,-19,20,1
6,-15,27,0,1
-10,2,-22,-28,1
-21,15,11,-31,1
-13,-7,-53,-47,1
-20,10,-5,-14,1
2,-8,0,17,1
-46,3,-9,-45,1
-4,20,-32,-44,1
11,-12,1,24,1
0,25,-34,-37,1
5,0,1,14,1
3,1,11,16,1
7,7,-6,16,1
4,1,6,15,1
3,-5,16,14,1
-16,3,-43,-40,1
6,-10,1,17,1
-30,28,21,-46,1
-35,35,26,-53,1
-5,18,-33,-44,1
1,6,-1,19,1
-4,-31,9,-36,1
-20,-17,-55,-54,1
0,7,-1,19,1
0,7,-7,9,1
8,-5,25,13,1
12,-5,-1,24,1
3,1,11,16,1
-21,-19,-55,-56,1
2,2,10,17,1
6,0,-4,13,1
0,7,-12,0,1
1,5,3,20,1
7,-9,-1,15,1
4,3,-8,7,1
0,-36,7,-34,1
14,-7,0,29,1
-8,3,-50,-40,1
6,1,-3,14,1
-9,16,-33,17,1
-11,2,2,-16,1
0,6,0,21,1
7,-11,4,16,1
3,-10,0,17,1
10,2,-3,23,1
-41,33,24,-53,1
-17,21,6,-26,1
-9,15,-1,-14,1
-10,-45,-11,-54,1
-7,0,1,-1,1
7,0,-4,13,1
7,1,-4,18,1
-1,-4,0,16,1
7,-9,-1,15,1
2,0,-3,4,1
-9,2,-51,-35,1
4,-5,0,18,1
-10,3,0,-15,1
13,-10,2,33,1
-47,13,0,-39,1
5,2,-3,15,1
5,-11,0,17,1
0,7,-14,1,1
0,-6,0,17,1
7,-9,15,14,1
-9,1,-49,-39,1
-23,6,3,-23,1
6,0,1,14,1
7,0,-4,13,1
11,-12,1,26,1
1,4,7,18,1
-18,-14,-54,-53,1
2,39,-23,-36,1
7,-10,9,15,1
-6,15,-6,-23,1
-9,1,-39,-35,1
-3,6,0,11,1
3,-1,8,17,1
0,3,-8,5,1
3,7,-9,9,1
0,-7,0,17,1
7,-7,22,14,1
1,-51,14,-46,1
1,2,0,20,1
-6,4,-4,-9,1
17,-11,2,37,1
0,3,-9,4,1
3,2,8,17,1
-1,24,-35,-38,1
-2,2,7,3,1
2,26,-19,-21,1
-17,9,-6,-12,1
0,-41,9,-38,1
1,8,-1,21,1
-51,17,8,-41,1
1,5,3,20,1
-15,-10,-54,-49,1
0,-7,0,17,1
-19,-17,-55,-54,1
-5,5,-6,-8,1
8,-4,24,13,1
-5,-2,1,4,1
-1,-4,0,17,1
2,0,9,17,1
17,-10,2,36,1
-10,1,-32,-32,1
7,2,-6,9,1
3,8,-2,20,1
3,-10,0,17,1
-13,0,-3,-22,1
4,0,9,19,1
7,-6,-2,14,1
-9,8,-43,-11,1
4,-5,0,18,1
3,-6,1,22,1
-8,4,1,-6,1
0,30,-31,-37,1
1,0,-1,17,1
-33,-23,-45,-61,1
-1,2,8,6,1
0,-2,4,17,1
1,4,5,19,1
14,-4,0,30,1
8,7,-5,18,1
-11,3,1,-16,1
7,-11,7,16,1
-1,-5,3,16,1
0,2,0,19,1
0,8,-16,18,1
0,38,-22,-36,1
5,-11,0,17,1
-2,19,-39,-38,1
3,7,-9,9,1
4,-10,0,17,1
1,5,5,20,1
7,-1,-4,13,1
6,6,-2,18,1
7,0,-1,13,1
-39,36,27,-55,1
-1,24,-35,-37,1
-27,-27,-55,-64,1
-8,4,-2,-12,1
1,4,5,19,1
11,1,-2,25,1
-20,-18,-55,-55,1
-44,28,19,-49,1
3,33,-21,-28,1
-6,2,-40,-28,1
5,-1,20,15,1
10,-12,1,24,1
-11,2,-10,-23,1
5,-8,0,18,1
0,6,-12,0,1
-40,10,-10,-39,1
17,-10,2,36,1
-1,0,0,18,1
10,-3,-2,19,1
5,1,3,15,1
0,-5,6,16,1
7,-1,-3,18,1
-10,5,0,-19,1
6,-15,0,13,1
3,2,9,17,1
-4,3,-34,-22,1
3,-9,0,17,1
-38,21,-1,-38,1
4,3,-2,16,1
8,2,-5,14,1
0,4,-9,3,1
-21,10,-5,-15,1
-16,9,-7,-11,1
7,-5,29,13,1
2,-8,0,17,1
5,-2,22,15,1
-19,12,9,-28,1
0,-43,12,-35,1
0,7,-12,2,1
-20,-17,-55,-55,1
-8,16,-24,25,1
-5,5,-6,-7,1
-1,24,-35,-38,1
3,-2,-2,14,1
-43,-4,-20,-50,1
-45,26,17,-47,1
-9,1,-44,-37,1
6,-12,0,17,1
-8,4,-2,-13,1
-19,-12,-23,-39,1
7,-8,19,14,1
-9,-7,4,-23,1
4,-3,6,17,1
-8,10,-3,-21,1
0,28,-16,-30,1
-11,3,0,-16,1
-14,3,2,-19,1
3,-37,9,-22,1
-7,34,-17,-36,1
4,3,6,17,1
-5,-2,1,4,1
-1,6,-11,-2,1
-50,16,4,-38,1
6,8,-4,19,1
-9,11,-40,-2,1
11,-4,-1,22,1
7,-6,-2,14,1
0,7,-1,19,1
17,-12,2,37,1
-31,28,21,-46,1
-9,16,-33,17,1
-19,4,-38,-40,1
0,7,0,21,1
-30,7,-24,-40,1
-24,10,-4,-18,1
-5,2,5,-3,1
-8,4,-2,-12,1
4,1,5,15,1
-41,20,0,-38,1
6,7,-7,15,1
0,2,9,10,1
4,3,-2,16,1
1,0,8,17,1
1,0,8,17,1
-3,22,-11,-27,1
4,-10,0,17,1
-22,38,9,-49,1
4,-3,6,17,1
4,-1,-2,14,1
8,2,-5,14,1
-28,-32,-55,-65,1
3,1,10,16,1
2,-43,11,-33,1
-44,28,19,-49,1
8,-12,0,20,1
4,3,-10,15,1
-5,11,-45,-39,1
-2,-39,11,-40,1
0,-42,11,-33,1
1,-7,0,17,1
-6,5,1,1,1
2,25,-19,-20,1
5,-8,0,18,1
-26,-27,-56,-62,1
-1,-4,0,17,1
15,-9,4,34,1
0,6,3,20,1
-13,-7,-53,-47,1
13,-6,0,26,1
-44,28,19,-49,1
0,-5,0,17,1
-13,2,-46,-40,1
0,-3,3,17,1
7,0,-4,13,1
-5,5,-12,20,1
2,-6,1,21,1
-11,2,1,-17,1
-1,1,-1,0,1
-11,-3,-53,-44,1
13,-6,0,26,1
7,-12,0,17,1
6,-12,0,17,1
-27,23,17,-40,1
1,8,0,21,1
3,-10,0,17,1
-2,10,-18,7,1
-8,14,-25,24,1
0,5,0,21,1
-1,22,-36,-38,1
15,-10,4,35,1
5,4,-4,18,1
0,5,0,20,1
6,19,-12,0,1
0,-3,0,17,1
6,0,0,14,1
-1,-3,0,17,1
0,-1,6,17,1
5,-9,2,17,1
6,-12,0,17,1
0,-5,9,15,1
7,-11,0,16,1
-24,19,15,-36,1
6,-7,1,25,1
0,-42,10,-39,1
-1,-4,0,16,1
-25,-26,-56,-61,1
6,-5,25,13,1
0,7,-12,1,1
3,-1,0,19,1
6,-12,0,17,1
3,2,-3,18,1
-9,11,-37,-47,1
3,37,-23,-33,1
7,-12,0,16,1
-9,10,-41,-4,1
-3,2,7,1,1
6,19,-14,-10,1
0,2,0,20,1
5,-5,23,14,1
7,-8,22,14,1
1,5,5,19,1
-48,5,-6,-44,1
3,1,10,17,1
-10,-44,-13,-55,1
0,-5,6,16,1
0,-4,0,16,1
-9,18,-30,25,1
6,6,0,18,1
-3,2,7,2,1
-32,33,23,-49,1
-16,-40,-26,-58,1
8,-2,11,13,1
3,8,-2,20,1
0,-36,7,-34,1
-36,10,4,-30,1
-8,34,-17,-36,1
-2,-4,1,14,1
-3,-1,-3,18,1
3,1,13,18,1
-3,17,-41,-38,1
-8,4,-2,-12,1
-10,3,0,-15,1
-10,3,0,-16,1
8,2,-5,14,1
6,6,-1,18,1
-21,-37,-38,-61,1
0,6,-13,0,1
-30,38,19,-53,1
1,5,-11,1,1
2,2,9,17,1
3,2,13,18,1
1,-5,12,15,1
7,-4,-3,14,1
-44,27,18,-48,1
4,3,7,17,1
0,-6,0,17,1
3,1,10,17,1
-3,39,-14,-39,1
5,4,3,17,1
-9,4,-49,-28,1
-10,3,0,-16,1
-1,-4,1,17,1
0,26,-33,-37,1
5,-20,2,4,1
8,3,-5,15,1
8,7,-5,18,1
5,-1,20,15,1
7,2,-6,9,1
11,-12,1,25,1
-11,2,-8,-22,1
1,-6,1,21,1
-51,16,7,-40,1
4,3,7,17,1
6,16,-10,5,1
0,-41,11,-32,1
-50,14,2,-39,1
5,-1,20,15,1
6,-11,1,17,1
2,1,10,17,1
-7,2,4,-7,1
-10,-5,3,-22,1
6,-2,23,14,1
8,-4,19,13,1
-11,1,-49,-40,1
1,-7,0,17,1
-32,11,-1,-23,1
3,1,9,16,1
-3,5,-8,-5,1
-37,12,0,-27,1
3,-9,0,17,1
7,-7,-2,15,1
-3,5,-8,-5,1
5,-9,2,17,1
-41,-7,-24,-52,1
13,-7,5,31,1
6,7,-7,15,1
-4,13,-44,-39,1
-1,0,-5,8,1
-7,4,-4,-10,1
6,6,-4,18,1
-26,22,17,-40,1
-3,11,-20,20,1
-3,6,0,9,1
4,4,4,17,1
-8,17,-27,25,1
5,5,2,18,1
7,-9,-1,15,1
0,7,-13,0,1
-19,9,-5,-14,1
-7,4,-3,-11,1
3,32,-21,-27,1
5,0,-4,9,1
0,-2,0,17,1
1,3,0,20,1
1,5,-11,2,1
5,-1,-3,14,1
-35,22,-3,-38,1
-40,11,4,-32,1
1,34,-20,-33,1
-23,-23,-55,-59,1
3,2,-3,18,1
-18,12,9,-28,1
-37,-16,-35,-56,1
8,-4,19,13,1
7,-7,-1,17,1
8,4,-5,16,1
-30,38,19,-53,1
-9,9,-42,-8,1
-2,11,-9,23,1
0,7,0,21,1
0,6,-12,0,1
-49,14,4,-36,1
5,-1,20,15,1
-14,-2,-6,-24,1
7,0,-4,13,1
7,7,-4,18,1
0,-47,13,-44,1
-18,4,2,-21,1
13,-6,0,25,1
-4,14,-43,-39,1
7,-9,15,15,1
-5,13,-16,24,1
1,33,-28,-36,1
-24,-23,-56,-59,1
2,-8,0,17,1
6,6,-5,18,1
7,-4,27,14,1
-9,-8,4,-23,1
-41,-7,-23,-51,1
-7,0,1,-1,1
-2,5,-25,-13,1
0,-3,0,17,1
4,-27,5,-7,1
7,3,-4,18,1
0,7,-3,16,1
-3,15,-22,23,1
-7,12,-22,23,1
9,-2,-3,17,1
-22,38,9,-49,1
0,7,-1,19,1
2,37,-22,-34,1
-8,1,-50,-38,1
2,2,10,17,1
0,-14,-3,-16,1
-6,9,-18,22,1
-6,39,-11,-41,1
-8,4,-2,-12,1
2,-5,15,15,1
-10,3,0,-16,1
0,13,-15,-6,1
2,1,9,17,1
3,34,-22,-29,1
5,9,-9,20,1
-1,-3,0,17,1
0,-1,6,17,1
4,1,5,15,1
-3,11,-21,21,1
-4,13,-23,22,1
-1,-18,4,-1,1
-1,9,-4,22,1
-1,0,0,18,1
3,4,-2,17,1
2,0,9,17,1
0,-50,14,-44,1
3,-5,17,14,1
7,-5,29,13,1
4,7,-9,10,1
10,-9,2,29,1
-49,20,11,-43,1
-6,15,-21,24,1
-15,19,4,-23,1
1,5,5,19,1
-9,18,-30,25,1
-26,-26,-54,-63,1
-26,28,16,-40,1
-2,-50,6,-50,1
0,7,-11,3,1
2,3,8,19,1
-12,3,2,-19,1
-2,10,-6,22,1
-24,-23,-56,-59,1
0,6,0,21,1
0,-47,13,-45,1
4,-30,22,-19,1
-26,-28,-56,-63,1
1,11,-14,21,1
11,-6,6,29,1
7,-9,-1,15,1
-6,14,-19,24,1
3,-2,-2,14,1
-29,26,20,-44,1
7,-7,30,11,1
6,8,-7,19,1
-1,6,-18,-5,1
0,-32,9,-20,1
-6,17,-34,-45,1
-50,10,0,-41,1
6,-13,28,3,1
3,8,-2,20,1
-51,17,8,-41,1
-8,17,-29,25,1
-10,2,-21,-27,1
-7,14,-35,-46,1
0,11,-14,-5,1
5,7,-8,13,1
1,6,0,20,1
8,-3,17,13,1
3,-38,9,-25,1
0,-45,11,-41,1
-48,22,13,-44,1
-5,5,-5,-8,1
-1,-1,0,18,1
0,3,0,20,1
14,-12,2,31,1
5,4,2,17,1
7,7,-3,18,1
-1,-4,0,17,1
1,-6,1,21,1
-3,-32,10,-36,1
0,-5,5,16,1
-25,-25,-56,-61,1
0,3,0,20,1
6,12,-10,-2,1
-12,-4,-53,-44,1
-1,-9,2,10,1
0,-2,5,17,1
2,24,-18,-19,1
-8,4,-2,-12,1
-1,27,-29,-41,1
7,-9,-1,16,1
5,2,-3,16,1
7,-5,-3,14,1
7,-5,-2,17,1
7,-10,9,15,1
3,-9,0,17,1
7,-8,-1,15,1
-40,34,25,-54,1
6,6,-5,18,1
0,6,3,20,1
-9,1,1,-9,1
-1,-4,0,17,1
-6,7,-48,-40,1
1,5,4,20,1
0,-3,0,15,1
-11,3,1,-17,1
4,38,-23,-33,1
7,6,-5,18,1
2,37,-22,-34,1
7,-1,-4,13,1
-6,9,-46,-39,1
8,5,-5,17,1
14,-8,0,30,1
5,-11,0,17,1
7,-9,-1,15,1
-15,-3,-43,-53,1
-36,35,26,-54,1
7,-11,8,15,1
3,8,-2,20,1
7,0,-4,13,1
-29,-31,-56,-65,1
3,1,7,16,1
-14,-7,-54,-47,1
7,-10,11,15,1
0,-1,5,17,1
-1,7,0,16,1
7,7,-4,18,1
0,6,-13,0,1
0,-45,12,-38,1
2,34,-27,-36,1
6,6,-1,18,1
0,12,-16,21,1
4,3,-8,6,1
6,-12,0,17,1
7,8,-5,19,1
7,-1,-4,13,1
2,8,-1,21,1
-2,9,-16,5,1
5,-8,0,18,1
0,5,-11,2,1
1,4,6,19,1
1,5,5,20,1
-19,-38,-35,-60,1
4,0,16,17,1
5,-8,3,17,1
-3,22,-11,-27,1
-11,2,-4,-20,1
-32,8,-20,-39,1
12,0,-2,27,1
-5,14,-18,24,1
5,21,-15,-13,1
7,0,-4,13,1
-6,2,-41,-29,1
4,-32,21,-21,1
7,-10,11,15,1
7,-7,-2,15,1
-24,25,22,-32,1
-7,4,-3,-11,1
-9,4,1,-8,1
-11,2,-2,-19,1
-4,12,-21,12,1
-28,-31,-56,-65,1
-11,2,2,-17,1
2,39,-22,-36,1
6,-9,2,17,1
-40,33,24,-53,1
-36,35,27,-54,1
7,6,-5,18,1
5,0,-4,9,1
-11,-43,-15,-55,1
-52,14,5,-38,1
-49,20,11,-43,1
-27,23,18,-41,1
3,-34,8,-18,1
-8,4,-2,-12,1
-52,15,6,-39,1
5,-1,19,15,1
-4,20,-10,-26,1
1,2,0,20,1
6,-12,0,17,1
7,0,-4,13,1
3,-2,-2,14,1
-3,0,-6,19,1
-5,13,-22,14,1
-36,36,28,-53,1
1,0,-1,17,1
-1,0,0,18,1
1,33,-28,-36,1
-26,7,3,-25,1
1,0,8,17,1
0,6,-14,-1,1
5,7,-8,12,1
-2,-4,0,17,1
6,-13,0,16,1
1,3,0,21,1
-5,2,0,-8,1
3,-2,-2,14,1
-4,3,-9,20,1
-11,6,-39,-50,1
-11,3,1,-17,1
10,2,-3,24,1
-29,31,20,-44,1
-8,17,-28,25,1
-3,5,-8,-5,1
16,-12,2,34,1
2,3,8,18,1
0,28,-15,-30,1
-18,-8,-46,-56,1
0,7,0,21,1
-24,6,3,-24,1
2,35,-21,-33,1
4,0,15,16,1
12,-12,1,27,1
-1,-2,-2,13,1
-27,6,-28,-40,1
8,0,-5,13,1
-2,5,-22,-9,1
4,37,-22,-32,1
5,4,2,17,1
-8,17,-25,25,1
0,-7,-6,-11,1
0,8,-2,22,1
0,7,-5,12,1
-10,2,-24,-28,1
-11,2,-10,-23,1
-11,2,1,-17,1
-1,-5,0,17,1
0,7,-10,4,1
-12,3,2,-18,1
4,-1,8,17,1
-11,8,-8,-8,1
4,3,-3,18,1
1,4,5,19,1
-1,0,0,19,1
0,6,-12,0,1
-3,4,-28,-15,1
7,-8,-1,15,1
6,-12,0,17,1
2,-8,0,17,1
-1,-4,1,17,1
-15,-9,-54,-48,1
0,3,0,20,1
4,1,7,16,1
-7,12,-22,23,1
-1,-2,0,17,1
-5,4,-12,20,1
-17,19,19,-19,1
-23,-20,-38,-50,1
-11,2,-12,-24,1
-14,-8,-54,-48,1
-1,-17,4,0,1
-9,18,-28,25,1
-5,11,-7,-7,1
7,-9,15,14,1
